id,domain,status,purchase_price,renewal_price,attractiveness,demand,length,registrar,created_at,expires_at,status_verified_at
1267ab73-d4fc-4bb5-a171-405944527a58,strings.review,premium,116,29.5,high,low,7,namesilo,,,27/09/2026 05:33
92283a25-b893-401f-9bf7-be20b59ba1ac,paradoxes.review,available,11.99,11.99,medium,low,9,namesilo,,,21/09/2026 00:45
38cc5930-f151-413a-b92d-5ee251954d17,showroom.review,premium,1107,116,high,low,8,namesilo,,,30/09/2026 02:32
304e4440-4aea-4018-a7ec-a449cba37486,albitic.review,available,11.99,11.99,medium,low,7,namesilo,,,
adccfa36-ca8c-4792-a843-95de162e7178,weaknesses.review,premium,103.7,26.08,low,low,10,spaceship,,,29/09/2026 17:45
4df879e1-d403-45fa-884e-bc1d6b847edf,hospitals.review,premium,6900,116,medium,low,9,namesilo,,,20/09/2026 04:37
91540787-ba1b-47a8-aa30-61ca738c0489,courage.review,premium,625,,high,low,7,name.com,,,29/09/2026 04:01
b1d48813-16ee-45c4-a105-458ee8dd479f,sure.review,premium,650,84.5,high,low,4,namecheap,,,24/09/2026 21:05
25f389af-b264-4eb4-8a58-d0d7e1027b6d,fifteenth.review,premium,625,81.25,high,low,9,name.com,,,
c6aee28b-5e78-48cd-bd29-de817f681ca4,gutter.review,available,11.99,11.99,high,low,6,namesilo,,,29/09/2026 12:59
f9e07551-b3ce-4dc9-8e88-6861d7e749e3,unstaged.review,available,12.98,15.73,medium,low,8,namecheap,,,12/09/2026 20:29
4a5d37f9-34d7-4418-9654-e7f225a72acf,uptown.review,premium,1107,116,high,low,6,namesilo,,,12/09/2026 23:28
67b6d8c9-7e39-4d2f-91d4-3f3aa4c723c2,patient.review,premium,1107,116,high,low,7,namesilo,,,27/09/2026 03:04
9d109b9f-f5a4-467a-9138-0c1a432f60c0,camden.review,premium,362.45,51.95,high,low,6,spaceship,,,30/09/2026 16:35
b983947e-3968-43af-9b01-58b482849223,lineage.review,premium,3250,130,high,low,7,namecheap,,,08/09/2026 13:04
878150fb-ab54-4af7-84da-754f191c413a,ovarian.review,available,12.98,15.73,medium,low,7,namecheap,,,04/09/2026 19:55
471659ad-7c2b-4cb2-ba5b-330f08ddeef6,phoebus.review,premium,448,53.92,high,low,7,namesilo,,,19/09/2026 18:43
a47e6b3a-017c-4e87-9e9f-e1a86a67a193,kurt.review,premium,448,53.92,high,low,4,namesilo,,,25/09/2026 13:27
0bc9b8ca-bd53-420b-9ab3-91c30c4159d2,dazed.review,available,34.99,37.99,medium,low,5,name.com,,,13/08/2026 18:53
df8e9185-023c-49e1-ba00-2f259ea38432,grew.review,available,10.53,10.53,high,low,4,spaceship,,,30/09/2026 22:49
0f4b4bdf-917a-4ee9-bd62-bc8b7fb738aa,pronounced.review,premium,116,29.5,high,low,10,namesilo,,,25/09/2026 16:53
584ef45a-5ee6-49a5-bb3a-9735bfd08340,jocund.review,available,11.99,11.99,medium,low,6,namesilo,,,22/08/2026 13:40
8615cce2-1063-4eb6-b888-9e2fd8409c45,assembler.review,available,11.99,11.99,high,low,9,namesilo,,,20/09/2026 16:01
91967124-b842-414f-b1a9-f774aaa11d7e,headset.review,premium,1107,116,high,low,7,namesilo,,,01/10/2026 02:32
63ebb9af-b299-47a7-84a6-ef960372cb8c,impostor.review,premium,448,53.92,medium,low,8,namesilo,,,09/09/2026 04:59
f03e5c63-8767-42a4-a569-7195fcc0026c,jackpot.review,premium,5500,110,high,low,7,dynadot,,,30/09/2026 17:43
065a0d51-2110-4722-9bd1-ba41b7573fef,profits.review,premium,3450,116,high,low,7,namesilo,,,28/09/2026 05:34
3befbbcc-d385-4fc0-bc2e-1d42069440c3,pelagic.review,premium,448,53.92,high,low,7,namesilo,,,04/09/2026 00:27
e83abc24-62f6-4226-bf89-5922a2e19f3e,scattered.review,available,11.99,11.99,medium,low,9,namesilo,,,14/08/2026 11:23
d69092d5-0bc0-43cc-84e6-79ff603af173,wasnt.review,available,11.99,11.99,low,low,5,namesilo,,,
2f8771ef-5bad-495c-befb-92c1033b9870,flanges.review,available,10.53,10.53,low,low,7,spaceship,,,30/09/2026 15:50
cf90ddcf-5395-44db-b469-67020e2f285d,limpkin.review,available,11.99,11.99,medium,low,7,namesilo,,,19/09/2026 23:59
3147985a-592e-40a2-80d4-e979a0df02dd,saline.review,premium,130,32.5,high,medium,6,namecheap,,,09/09/2026 20:54
5469da10-d2d8-43c9-9781-3b7690554a74,dessert.review,premium,1107,116,high,low,7,namesilo,,,30/09/2026 01:29
3d138e9f-8869-45e4-8d69-eb6e3023b0f9,summerset.review,available,11.99,11.99,medium,low,9,namesilo,,,18/08/2026 08:29
588cd13e-abb4-4042-bacd-def7109aa442,stunning.review,premium,1300,130,high,low,8,namecheap,,,22/09/2026 08:34
676c0df2-d82b-4dfd-b36a-052e5c4de2c9,tier.review,premium,1300,130,high,low,4,namecheap,,,30/09/2026 11:11
b4ab9026-8006-4cca-93f4-c5da14bc9065,eagle.review,premium,130,32.5,high,low,5,namecheap,,,23/09/2026 20:02
e571325a-84b6-4ce3-a386-36a3e2882ab4,bend.review,premium,448,53.92,high,low,4,namesilo,,,23/09/2026 07:40
f4d828a8-cba2-44ce-8dd4-4cb8a274df8a,fleer.review,premium,437.5,62.5,low,low,5,name.com,,,18/08/2026 17:47
f3cfab79-0e6e-460c-9bb3-0b20eee16675,mutely.review,available,11.99,11.99,medium,low,6,namesilo,,,15/09/2026 15:47
7b45cad9-8599-4c50-aa52-6b0f83b51eb2,inscribed.review,available,11.99,11.99,medium,low,9,namesilo,,,17/08/2026 08:24
4f55fad6-f37e-4b10-afdb-7db6a06f8650,bardic.review,available,12.98,15.73,medium,low,6,namecheap,,,08/08/2026 18:00
92410a05-bc37-4c3e-9d27-4f8cf41a4dcf,cares.review,premium,448,53.92,medium,low,5,namesilo,,,27/09/2026 02:10
54ce6658-fd5d-4485-bc4c-9a73e4b1ce8d,teachings.review,premium,1300,130,medium,low,9,namecheap,,,29/09/2026 23:08
f1a677b8-18be-4fca-b663-fff979a2fa80,constructed.review,premium,550,71.5,medium,low,11,dynadot,,,29/09/2026 16:21
f05ff32f-08d4-4626-9be0-9d2f83c72855,drawback.review,available,11.99,11.99,medium,low,8,namesilo,,,24/09/2026 23:54
e8afc448-e681-43f3-a17b-6b5d4f7e4ccf,adoptee.review,available,11.99,11.99,medium,low,7,namesilo,,,17/09/2026 09:39
95a8e02c-9933-43c4-9c20-21eb440e1fce,ribeiro.review,available,10.18,10.18,high,low,7,cloudflare,,,30/09/2026 21:59
54b509a7-26a5-4374-89fa-de95b1ddaa46,customise.review,available,10.53,10.53,high,low,9,spaceship,,,30/09/2026 18:12
18828824-e76f-49ae-a823-6109d2490de1,tetrad.review,premium,437.5,62.5,medium,low,6,name.com,,,
d0fc9119-ab21-41f2-894d-cb59b813fa29,toiling.review,available,12.98,15.73,medium,low,7,namecheap,,,14/08/2026 20:00
6b9bef7b-faaf-4755-b65b-70c0b42ed00a,enchanting.review,premium,437.5,62.5,medium,low,10,name.com,,,09/08/2026 18:21
04e74f2f-5c16-4f55-8b9d-2fb354f3254a,hideous.review,premium,437.5,62.5,medium,low,7,name.com,,,21/08/2026 08:13
470b9d82-c6f6-4319-b911-1786c7a6bc88,lucille.review,premium,362.45,51.95,medium,low,7,spaceship,,,28/09/2026 21:59
e66a5193-be86-4944-ac8f-2564468c9d9d,blacksnake.review,premium,448,53.92,medium,low,10,namesilo,,,24/09/2026 01:28
9531e894-304d-4e7b-96cd-e35bcb822a6b,drugless.review,available,12.98,15.73,medium,low,8,namecheap,,,14/08/2026 20:11
dae91b17-34c4-428b-943f-b3ed89b9ace6,crawl.review,premium,448,53.92,high,low,5,namesilo,,,21/09/2026 04:48
fd0a1ed2-616e-4398-9721-f4fe40761ecc,blackfly.review,premium,448,53.92,medium,low,8,namesilo,,,19/09/2026 17:06
d7f4f805-44d7-46a9-8b0c-269e5a4bf453,sandwich.review,premium,1035.2,103.7,high,low,8,spaceship,,,30/09/2026 10:33
8ed3adbe-32ce-4a8e-ac4c-e7ac8e73002c,pitched.review,available,12.98,15.73,high,medium,7,namecheap,,,08/09/2026 20:03
5832ce4e-2000-499a-a3f1-504ce5cbb4e8,surveillance.review,premium,640,77.35,high,low,12,namesilo,,,27/09/2026 08:40
c65a06ad-713d-4e09-8dfb-ea72907140c5,astylar.review,available,11.99,11.99,medium,low,7,namesilo,,,07/08/2026 10:15
76e92d28-83a1-4c78-948c-b690a9a19a4e,artificer.review,available,12.98,15.73,high,low,9,namecheap,,,20/09/2026 11:38
20f494f4-7b72-4cb8-9054-7a611ccfbc2b,acerbity.review,available,12.98,15.73,medium,low,8,namecheap,,,16/09/2026 23:41
21fe6aca-d004-4271-8fda-c4df8642ac38,unfettered.review,premium,116,29.5,medium,low,10,namesilo,,,12/09/2026 04:56
3d5113dc-7dbd-4e23-a24f-25cdceea65d3,usual.review,premium,3450,116,high,low,5,namesilo,,,28/09/2026 10:03
f7f1cf6d-d579-448a-8004-650a3709992a,davao.review,available,10.79,10.79,medium,low,5,porkbun,,,30/09/2026 22:13
ccd1f2ac-82e9-4de3-bbe7-dbe8adf83650,alchemist.review,premium,116,29.5,high,low,9,namesilo,,,18/09/2026 03:58
b8c801ca-b676-4b34-8c4a-5590fc07ff67,fragrant.review,premium,437.5,62.5,high,low,8,name.com,,,18/08/2026 14:03
9e30f4e2-9050-44ef-9599-00f0cf3161d6,radiography.review,available,11.99,11.99,high,low,11,namesilo,,,30/09/2026 23:27
a7cec48a-97c2-46ec-870e-6af23dfdcfb8,commune.review,premium,103.7,26.08,high,low,7,spaceship,,,30/09/2026 01:05
142ef0e5-6a67-4aab-94f4-1c45b5f71dcc,sewage.review,premium,116,29.5,high,low,6,namesilo,,,30/09/2026 02:49
a35bf553-a729-4eef-a21d-7a8bd7f8b29a,probative.review,available,11.99,11.99,medium,low,9,namesilo,,,09/09/2026 02:27
ec4a3b85-92eb-4e22-830a-a3abba0a3659,customize.review,premium,362.45,51.95,high,low,9,spaceship,,,30/09/2026 18:11
160629f5-0967-4044-9343-d8d1da5e73d1,pareto.review,premium,382.61,55.11,high,low,6,porkbun,,,30/09/2026 18:17
01154458-e136-4f8f-99e8-bd972da77656,deceiver.review,available,11.99,11.99,medium,low,8,namesilo,,,23/09/2026 02:29
160d1ea5-a772-4990-b99b-b8e1af30d247,yobo.review,premium,437.5,62.5,medium,low,4,name.com,,,11/08/2026 08:48
10f5cada-a0a8-45ab-be22-718a6080fa4c,antonius.review,premium,448,53.92,medium,low,8,namesilo,,,19/09/2026 13:34
f4183a01-143b-415b-b246-8ce85ae2ca97,beanfeast.review,available,12.98,15.73,medium,low,9,namecheap,,,22/09/2026 20:29
786b9d5c-eb95-4c8c-b4f9-b0f765100312,rothschild.review,premium,448,53.92,high,medium,10,namesilo,,,27/09/2026 05:11
0c9927e2-fac5-46d0-b289-60a94a21b190,intrigued.review,premium,130,32.5,medium,low,9,namecheap,,,30/09/2026 00:46
e0925548-9b84-4d06-b0e8-ef1fb509d09c,otic.review,available,11.99,11.99,medium,low,4,namesilo,,,07/08/2026 17:41
adeb3432-7d3e-4092-a6d0-0c3bc23fd111,octopus.review,premium,640,77.35,high,medium,7,namesilo,,,30/09/2026 02:24
a68a3ba6-f570-4e75-a962-30c4b3b0e90b,developed.review,available,11.99,11.99,high,low,9,namesilo,,,24/09/2026 07:51
38a8254f-71c7-4b77-a164-bd0d51936e37,measures.review,premium,550,71.5,medium,low,8,dynadot,,,28/09/2026 08:34
6080f2c5-ebc3-4473-9eda-7c263ae0325e,rapt.review,premium,437.5,62.5,high,low,4,name.com,,,14/08/2026 23:50
3beb4509-1232-4d03-bace-7c72d3eb6c5f,intimidating.review,premium,103.7,26.08,medium,low,12,spaceship,,,30/09/2026 19:45
ea27bb66-afa2-4354-86d5-2062bc98b46c,torment.review,premium,437.5,62.5,medium,low,7,name.com,,,14/08/2026 21:14
031c6b02-7c24-4a56-a0db-d3fdfee90879,diesel.review,premium,3250,130,high,low,6,namecheap,,,28/09/2026 09:31
ec0c88fa-ba66-4e0d-8710-7a1452e8ed97,apoptosis.review,available,12.98,15.73,medium,low,9,namecheap,,,19/09/2026 19:14
3fe98ddf-b592-485e-9de5-1df06c4c2e5c,tho.review,premium,640,77.35,medium,low,3,namesilo,,,30/09/2026 13:15
fcd27426-f058-45c8-a133-50c3bc065dba,vesica.review,available,11.99,11.99,medium,low,6,namesilo,,,24/09/2026 03:27
aa656434-5856-41c9-b14f-e7b06bd67616,caliginous.review,available,11.99,11.99,low,low,10,namesilo,,,11/08/2026 14:25
7dfce7cd-bc6b-4f71-8a1d-67cd9b765417,agronomic.review,available,11.99,11.99,medium,low,9,namesilo,,,
70ea6423-a3f9-4cee-bd40-1a01b1706a73,weirdness.review,premium,130,32.5,medium,low,9,namecheap,,,23/09/2026 23:18
1b50d1ba-ebed-4b52-9735-1cb2f07da803,whim.review,premium,448,53.92,high,low,4,namesilo,,,24/09/2026 12:39
901751cb-4bca-4149-882d-4f5fa7be3866,forgetful.review,available,11.99,11.99,medium,low,9,namesilo,,,18/08/2026 11:56
73e348ef-0853-47c3-9179-563a923421ec,filets.review,available,11.99,11.99,medium,low,6,namesilo,,,20/09/2026 11:33
1bdf9826-3bb3-48d0-ae91-14651297fe9d,odour.review,premium,640,77.35,high,low,5,namesilo,,,20/09/2026 08:26
6bcc9e43-8b97-475c-bef4-b706d53a4c46,pert.review,premium,437.5,62.5,medium,low,4,name.com,,,21/08/2026 22:15
25d05c65-ca80-4428-9e2e-466915429f7c,strut.review,premium,448,53.92,high,low,5,namesilo,,,11/09/2026 05:11
cb7c5960-66e2-47eb-b6b4-1acd640fd51a,heath.review,premium,448,53.92,high,low,5,namesilo,,,30/09/2026 17:33
fc1b2ece-92e9-4423-bd4f-e93b90434356,yerevan.review,premium,362.45,51.95,medium,low,7,spaceship,,,29/09/2026 11:51
4ecb44e3-3172-4403-ab0d-2013e6631b89,anhinga.review,available,11.99,11.99,medium,low,7,namesilo,,,19/09/2026 08:18
09c0ecf5-4fec-4b67-921e-319ac3935b98,raped.review,available,11.99,11.99,medium,low,5,namesilo,,,14/08/2026 04:27
68711ce4-877a-4c93-8d08-b925492550b9,fabricated.review,available,12.98,15.73,medium,low,10,namecheap,,,17/08/2026 20:15
0af3b385-d12d-4289-8bc7-7e7cfc271117,blazer.review,premium,455,65,high,low,6,namecheap,,,24/09/2026 05:03
4a8a4325-f035-4a9d-9864-b65928f1bf04,relish.review,premium,116,29.5,high,low,6,namesilo,,,29/09/2026 21:47
1a5d920b-46bf-44b9-bbe5-f72875f8061b,doctorate.review,premium,1100,110,high,low,9,dynadot,,,30/09/2026 17:00
23a33658-c457-451d-8f88-95440734db9a,bittie.review,available,11.99,11.99,medium,low,6,namesilo,,,10/08/2026 07:56
5b5face0-08be-48dc-8557-6a6a2c27b52d,subsurface.review,premium,448,53.92,high,low,10,namesilo,,,11/09/2026 00:52
48f61eac-1209-4419-9e96-3264c0a077ec,doglike.review,available,11.99,11.99,medium,low,7,namesilo,,,14/08/2026 15:07
7c65f60a-a68c-4195-b40a-1abfd1f73c1c,privileges.review,premium,448,53.92,low,low,10,namesilo,,,28/09/2026 17:31
9aaaf231-ebf2-43f9-bd5d-6a5f11c51fe7,grandma.review,premium,625,,high,low,7,name.com,,,29/09/2026 21:15
a8e76c55-9621-4375-96fb-ec3d9c33fc62,brickly.review,available,11.99,11.99,medium,low,7,namesilo,,,11/08/2026 03:51
3706cb45-1dc7-4025-8796-8d46340335f4,arrears.review,available,12.98,15.73,high,low,7,namecheap,,,20/09/2026 08:55
07480da9-62d9-460a-ad06-5afa6a9964bf,horsepower.review,premium,382.61,55.11,high,low,10,porkbun,,,29/09/2026 19:06
19137ff4-bdb0-4da3-8be7-7efac2eb5515,buzzer.review,premium,110,27.5,high,low,6,dynadot,,,30/09/2026 16:33
26b28ca3-996b-4553-b691-5305e27882cb,gooney.review,available,11.99,11.99,medium,low,6,namesilo,,,23/09/2026 23:44
093f9125-7881-4132-8e1d-782ba2dd9781,becomes.review,available,11.99,11.99,medium,low,7,namesilo,,,27/09/2026 10:31
d3e77fc9-f17f-4ea9-8e0b-70c88b553316,eventful.review,available,11.99,11.99,high,low,8,namesilo,,,12/08/2026 22:36
7a0a829a-7db9-47ea-a1aa-94bd271d0706,nutcase.review,premium,116,29.5,medium,low,7,namesilo,,,13/08/2026 05:36
d09069ce-301f-40ef-9464-d1f13da889d0,jamieson.review,premium,362.45,51.95,high,low,8,spaceship,,,29/09/2026 22:21
33dbd23c-243c-4061-9ffd-59b5ba0de973,css.review,premium,640,77.35,high,medium,3,namesilo,,,28/09/2026 11:47
76ebfeda-57bb-4676-b23c-ad0f2963efc3,catalyst.review,premium,1092.18,109.69,high,medium,8,porkbun,,,29/09/2026 18:16
58a1cde5-d9b7-4600-b63a-525d2bd536aa,bellis.review,premium,448,53.92,high,low,6,namesilo,,,23/09/2026 06:15
2e8e9666-f94f-4840-a26c-470d9c13f979,berthold.review,premium,,,medium,low,8,,,,30/09/2026 13:32
1a231aac-aad5-4de3-aea9-c6bc1fa12ec3,altogether.review,available,11.99,11.99,high,low,10,namesilo,,,
2785cee9-7b42-4ff4-972d-4973f974701b,aculeus.review,available,11.99,11.99,medium,low,7,namesilo,,,17/09/2026 05:33
e6c5c29c-50a1-4f0d-9501-0f2f521e237b,knocker.review,premium,455,65,medium,low,7,namecheap,,,24/09/2026 22:02
26f9fb76-6385-4c11-817c-9cb20f7e0996,grenville.review,premium,448,53.92,medium,low,9,namesilo,,,29/09/2026 04:31
8b434764-4b39-421d-a9c9-6741956cc1ba,conflict.review,premium,1107,116,high,low,8,namesilo,,,22/09/2026 14:40
b31fab03-b337-4759-bd4d-fb1b32fb31af,cdp.review,premium,517.7,67.48,high,low,3,spaceship,,,28/09/2026 03:37
23c7885a-176c-4336-b4c5-02484831c327,repaired.review,premium,1300,130,medium,low,8,namecheap,,,28/09/2026 23:01
4cb8a403-4ab6-4c08-b654-6df48e41c626,twelve.review,premium,455,65,high,low,6,namecheap,,,21/09/2026 11:23
35be8354-07a5-494e-b6c7-a5687d5cd122,impolite.review,premium,1107,116,medium,low,8,namesilo,,,21/08/2026 22:43
c92f266c-dc83-4804-9b32-fcb3e1eeda23,marooned.review,available,11.99,11.99,medium,low,8,namesilo,,,25/09/2026 16:58
58376063-34e0-423a-916c-0a6d6a922b3c,onion.review,premium,3450,116,high,low,5,namesilo,,,28/09/2026 20:37
bf259afd-faac-40a6-969a-c8abc615fa5f,identity.review,premium,6500,130,high,medium,8,namecheap,,,30/09/2026 21:00
7b13f863-f8d6-4873-920c-f2fa06f9e903,tense.review,premium,448,53.92,high,low,5,namesilo,,,11/09/2026 11:26
7bf706d4-81f0-45a1-9760-793b4a205ffd,disguised.review,premium,625,81.25,medium,low,9,name.com,,,12/08/2026 11:30
f8e9496a-56d3-47e7-8e1c-fd0a567c5074,subject.review,premium,6500,130,high,low,7,namecheap,,,03/09/2026 13:38
2c354c6a-7a90-45f0-bcf7-81a13ab2cca0,debile.review,available,34.99,37.99,medium,low,6,name.com,,,13/08/2026 20:28
2c5f2bfa-ce73-431c-b409-f4a9f5b453fc,beowulf.review,premium,448,53.92,medium,low,7,namesilo,,,23/09/2026 09:04
064f6fce-a5e9-4e18-93ad-ffa2384c3520,oblong.review,premium,448,53.92,medium,low,6,namesilo,,,03/09/2026 23:48
a2f5894b-3e1f-4fba-8168-cd661d27ee7a,augury.review,available,12.98,15.73,medium,low,6,namecheap,,,21/09/2026 03:41
7f0a52b3-9019-4e04-b65f-c03ebf38ff3e,starkers.review,available,12.98,15.73,low,low,8,namecheap,,,10/09/2026 18:51
28ece083-8ba3-4104-8be2-72e19766216d,overeat.review,available,11.99,11.99,medium,low,7,namesilo,,,23/09/2026 17:26
00f0de73-f98c-4a92-b870-e25e684e9813,dun.review,premium,625,81.25,medium,low,3,name.com,,,14/08/2026 21:12
4f84f314-57ea-4c67-afe2-176750744099,abyssal.review,premium,437.5,62.5,medium,low,7,name.com,,,
a276fde9-ed4e-4937-9339-135eb5446aa1,pair.review,premium,116,29.5,high,low,4,namesilo,,,29/09/2026 11:49
7873f3e0-1048-49bc-80a8-c99e4388b017,palmas.review,available,10.79,10.79,high,low,6,porkbun,,,30/09/2026 12:52
cdd57eaa-710a-41ab-b82e-b507e5362c6e,neurological.review,available,10.53,10.53,medium,low,12,spaceship,,,29/09/2026 16:30
cdf8b4f3-d751-40b0-bb39-600c1971967a,vodka.review,premium,448,53.92,high,low,5,namesilo,,,30/09/2026 14:34
2507bd75-c33d-486c-85fb-74e3677ad4e1,banker.review,premium,6900,116,high,low,6,namesilo,,,22/09/2026 02:46
5525d70c-4263-468b-ba21-aea321cb6873,redress.review,premium,448,53.92,high,low,7,namesilo,,,09/09/2026 17:27
0707f85b-4d21-4e58-afa1-efab80200b2b,agency.review,premium,6900,116,high,medium,6,namesilo,,,17/09/2026 16:59
40e788a5-80de-40ab-8fff-979f85fd0e11,comment.review,premium,3450,116,high,low,7,namesilo,,,24/09/2026 16:29
72b8acf4-f97b-432d-8650-246423343fbf,aiglet.review,available,12.98,15.73,medium,low,6,namecheap,,,17/09/2026 18:23
b6fcd1c5-06c4-47f9-ad4c-0647b494d6f4,chancellor.review,premium,382.61,55.11,high,low,10,porkbun,,,28/09/2026 18:38
73073eb1-281d-4197-9981-4a40229ab905,rennie.review,premium,,,high,low,6,,,,30/09/2026 12:40
8b47266d-ae18-42e1-af21-51563e71fcf7,patients.review,premium,1300,130,high,low,8,namecheap,,,25/09/2026 21:13
5ef9b34f-4327-4f8e-b9b4-f95a2ff08ba6,dvd.review,premium,517.7,67.48,high,low,3,spaceship,,,29/09/2026 17:14
abae643a-9159-44d0-9655-eb5a1e9babc7,aspirations.review,premium,448,53.92,medium,low,11,namesilo,,,29/09/2026 23:55
9da65076-4c7d-4478-b01d-4272630833df,requests.review,premium,1107,116,medium,low,8,namesilo,,,17/09/2026 17:07
adb92e95-f234-4ed9-a4fa-c88629605fa4,swearing.review,premium,116,29.5,medium,low,8,namesilo,,,30/09/2026 01:12
42643879-3742-4f14-9d9f-0df97495efdf,absinthe.review,premium,455,65,high,low,8,namecheap,,,16/09/2026 17:47
8dbd2aec-cbc5-4b83-a5fb-8998603937d3,polygon.review,premium,448,53.92,high,low,7,namesilo,,,30/09/2026 07:11
f584d1d3-2fdb-47ba-a659-d1245ebf7cd6,fiction.review,premium,2750,110,high,low,7,dynadot,,,29/09/2026 18:50
99eadbd1-298e-49d0-978d-5ffa5e9fd962,showers.review,premium,130,32.5,medium,low,7,namecheap,,,28/09/2026 23:39
0d2d106c-d280-42e2-9982-303790794323,balm.review,premium,455,65,high,low,4,namecheap,,,21/09/2026 23:35
e90f386a-12a6-481e-87ec-a924bd9f3f60,adored.review,available,12.98,15.73,high,low,6,namecheap,,,21/09/2026 19:35
088a5f23-8fce-4f62-89ae-9180b08c352d,nutrify.review,premium,455,65,medium,low,7,namecheap,,,18/09/2026 07:57
8bcdcf01-f680-4434-bcaa-873dd6e65d82,measurably.review,available,11.99,11.99,medium,low,10,namesilo,,,15/09/2026 13:50
e9c81eb8-7ac5-4195-907b-53312cd28b3a,panamanian.review,available,11.99,11.99,high,low,10,namesilo,,,05/09/2026 00:34
53006e5b-85cb-4b17-87b7-fd52cbc0f6ea,sakharov.review,available,12.98,15.73,medium,low,8,namecheap,,,19/09/2026 04:30
435bd49a-dcab-4418-bfd1-69d7365cba53,whorled.review,available,11.99,11.99,medium,low,7,namesilo,,,12/08/2026 16:18
f619fac4-2284-4562-99b1-7bd4a2d8b4e9,fourteenth.review,available,,,high,low,10,,,,
7c5b893c-6b6e-4007-b1eb-26634052dad2,amentia.review,available,34.99,37.99,medium,low,7,name.com,,,18/09/2026 19:00
5f84ff3f-cdb5-4869-a0ca-54a75366a75e,trios.review,premium,448,53.92,medium,low,5,namesilo,,,19/09/2026 22:38
5d49b7db-4b01-4b74-a6eb-423162d7663b,roue.review,available,11.99,11.99,medium,low,4,namesilo,,,09/09/2026 02:53
72b65889-7a0f-45a6-8b5b-5d3d0331b025,concentric.review,premium,437.5,62.5,high,low,10,name.com,,,12/08/2026 19:57
1f64a98b-9a12-4bc9-add1-188455406f91,dispenser.review,premium,455,65,high,low,9,namecheap,,,24/09/2026 22:56
7aa8378f-c22d-49d4-97c6-d5e853c9ffba,aphis.review,available,11.99,11.99,medium,low,5,namesilo,,,19/09/2026 17:05
99dd93f7-7a6d-481d-ac4c-e10748a5a712,ablaze.review,premium,437.5,62.5,high,low,6,name.com,,,
8159ec54-5013-45f6-8dbe-5aebe6e35a8c,hunting.review,premium,1107,116,high,low,7,namesilo,,,25/09/2026 07:36
6600d822-9f22-45a3-86de-d1f0d34991b1,dwindling.review,available,11.99,11.99,medium,low,9,namesilo,,,14/08/2026 21:48
f6472a19-6164-458a-9913-d4ae0ee47c8e,capsulated.review,available,12.98,15.73,medium,low,10,namecheap,,,11/08/2026 18:12
5276b1f6-5887-43e7-8b96-6e255b185a08,premiers.review,premium,,,medium,low,8,,,,29/09/2026 17:25
96120ed9-cf83-4042-92bb-8312185ceae1,heightened.review,available,10.53,10.53,high,low,10,spaceship,,,29/09/2026 21:14
affc5d8f-6ad8-4190-ae18-786bca455e6b,plainly.review,premium,650,84.5,high,low,7,namecheap,,,08/09/2026 20:28
c226ccd3-d352-4e9c-82ae-a8d2e069746b,threads.review,premium,640,77.35,high,low,7,namesilo,,,25/09/2026 00:19
102f2b06-e130-4cf1-b70d-3e80ee799bc6,rewardful.review,available,11.99,11.99,medium,low,9,namesilo,,,09/09/2026 16:27
d9e63fd2-d6bc-49df-9eef-1b376e7c4148,interesting.review,premium,3450,116,high,low,11,namesilo,,,01/10/2026 02:24
cab4c393-a3cd-4a7f-87ca-e382369b691e,supremacy.review,premium,448,53.92,high,low,9,namesilo,,,30/09/2026 11:08
f678252f-52d2-4e00-bb4d-e8e173491916,itchy.review,premium,437.5,62.5,medium,low,5,name.com,,,05/08/2026 20:43
8b4b8801-782d-4f72-bc71-c3fa5c8426be,tenants.review,premium,1107,116,medium,low,7,namesilo,,,29/09/2026 05:33
6298e12e-58d9-469a-a640-4bc44ec3fcb6,bitterness.review,available,11.99,11.99,medium,low,10,namesilo,,,17/09/2026 03:08
797c514e-0de5-4f91-b876-351f080d70b8,olga.review,premium,448,53.92,medium,low,4,namesilo,,,27/09/2026 01:37
99af90e0-2fba-4d26-90c2-6988c085cd86,freshwater.review,premium,448,53.92,high,low,10,namesilo,,,30/09/2026 17:24
af97a650-62e2-43fe-8286-06a0f37d2f8b,booted.review,premium,640,77.35,high,low,6,namesilo,,,22/09/2026 23:43
9eec8299-72ab-4a0b-8d1e-eb75ffd0920e,literacy.review,available,11.99,11.99,high,low,8,namesilo,,,30/09/2026 02:09
180fc63f-49fb-4d14-8023-abb23814fdb0,abelia.review,premium,448,53.92,medium,low,6,namesilo,,,16/09/2026 15:02
8cee0bb6-40dc-464f-b05a-c1c2d59fad6b,wishful.review,premium,1107,116,medium,low,7,namesilo,,,07/08/2026 05:07
7ec3cac4-cd5d-4aa8-84f4-b7576a9dc56a,writing.review,premium,10350.2,103.7,high,low,7,spaceship,,,28/09/2026 23:21
6f6806f2-d793-4104-89a4-891f073dc26e,cyber.review,premium,6900,116,high,medium,5,namesilo,,,27/09/2026 06:18
782a1528-d970-4467-8c42-b62d3770eacd,dataflow.review,premium,448,53.92,high,low,9,namesilo,,,04/09/2026 04:48
82598553-bdfa-4734-9130-c3d11079ca57,grabs.review,premium,110,27.5,medium,low,5,dynadot,,,29/09/2026 11:38
5bd0c491-9741-4116-afd6-648476d4e095,reactor.review,premium,,,high,low,7,,,,28/09/2026 10:36
fc3cf088-5e0c-4a0b-88a3-e05416abbef1,apologies.review,premium,116,29.5,high,low,9,namesilo,,,29/09/2026 03:19
cbfc9fa2-6766-4dc0-9d06-a5533a550f06,shakedown.review,premium,640,77.35,medium,low,9,namesilo,,,10/09/2026 05:40
6a150c44-e196-4b63-bafd-271907a88da6,plentiful.review,available,12.98,15.73,high,low,9,namecheap,,,27/09/2026 04:16
019c25d0-3d8d-465f-b405-ee076553c11d,arcuate.review,premium,437.5,62.5,medium,low,7,name.com,,,06/08/2026 14:49
07ad4382-4b41-46b3-9c14-0dc8635b851f,uncovering.review,available,12.98,15.73,high,low,10,namecheap,,,22/09/2026 06:00
0eaadf03-f0af-4d9f-9409-61feb118e5d0,clifford.review,premium,448,53.92,high,low,8,namesilo,,,25/09/2026 14:06
b88d63be-ba53-496e-9ce6-3909d2715551,sasha.review,premium,448,53.92,high,low,5,namesilo,,,28/09/2026 08:29
b12742bc-ccfb-4736-9ca0-5c142916f5d2,competitors.review,premium,2587.7,103.7,medium,low,11,spaceship,,,29/09/2026 11:34
20d1200a-7c0d-47f5-873a-ede2c8f0abca,haircuts.review,premium,640,77.35,medium,low,8,namesilo,,,21/09/2026 07:16
69e66887-0fda-43f3-8283-278166dfb365,luxurious.review,premium,3125,125,high,low,9,name.com,,,14/08/2026 00:57
d13ff21e-bbff-42cb-9f6b-29f1163394d5,swimsuit.review,premium,640,77.35,high,low,8,namesilo,,,22/09/2026 13:37
ced5381d-2cf0-44a6-b9e8-cae058305397,paget.review,available,11.99,11.99,medium,low,5,namesilo,,,29/09/2026 01:47
60143d1f-2d01-4623-be1f-a704f0d21129,fitly.review,available,11.99,11.99,medium,low,5,namesilo,,,13/09/2026 20:33
878b50c3-e9f2-405a-9c6b-048fcb1b23dd,nighttime.review,premium,1035.2,103.7,high,low,9,spaceship,,,30/09/2026 05:43
bfc598ae-7722-4a27-a4c8-b4cd9739ea48,cry.review,premium,640,77.35,high,low,3,namesilo,,,29/09/2026 12:15
7028b03a-de21-4f9f-867b-bdab1fe9aa29,alvarado.review,available,11.99,11.99,medium,low,8,namesilo,,,28/09/2026 16:06
689a25d9-34b6-4859-9ced-d9dc69f41253,homespun.review,premium,437.5,62.5,high,low,8,name.com,,,13/08/2026 04:23
b15886bc-8606-4cb6-96c3-7280a9ee82eb,arteria.review,premium,448,53.92,high,low,7,namesilo,,,20/09/2026 10:30
1361abb6-d621-4000-8d72-7d480b62af42,prosser.review,premium,455,65,high,low,7,namecheap,,,30/09/2026 12:49
a7550f75-f5a5-45a0-96cf-9688c4da9539,september.review,premium,130,32.5,high,low,9,namecheap,,,30/09/2026 10:55
7752ef3d-134e-470f-b98e-793656110b58,chargeman.review,available,11.99,11.99,medium,low,9,namesilo,,,24/09/2026 04:25
530b8287-775d-4e18-89a6-9d18158cfb71,health.review,premium,2587.7,103.7,high,medium,6,spaceship,,,30/09/2026 07:37
7dae2d98-10d5-4ea4-9810-a3a3ca4698b9,yielded.review,available,11.99,11.99,medium,low,7,namesilo,,,18/09/2026 03:02
45626e95-6ea6-458f-8275-810265ec38d6,darken.review,available,10.53,10.53,high,low,6,spaceship,,,30/09/2026 18:19
84374443-80b3-436c-b55b-15e00873ad39,turku.review,premium,103.7,26.08,high,low,5,spaceship,,,30/09/2026 20:48
e7c3e729-8c4b-41a3-b572-87c427dd2c7c,oversized.review,available,11.99,11.99,high,low,9,namesilo,,,04/09/2026 19:45
f8c64667-18fc-488c-abe2-dc615749da35,insertion.review,available,11.99,11.99,high,low,9,namesilo,,,30/09/2026 01:59
26c55791-8309-463e-bece-2596a28e7690,respectively.review,premium,116,29.5,medium,low,12,namesilo,,,
518881b6-cf37-4e22-bc1b-0fcdc5e378b7,sinning.review,available,11.99,11.99,high,medium,7,namesilo,,,10/09/2026 08:31
f840ae4b-69b6-4a26-a68f-cd549f72c846,didnt.review,available,11.99,11.99,medium,low,5,namesilo,,,
089faa62-83a0-4c2b-ab8c-89d5656be5e3,invoke.review,premium,455,65,high,low,6,namecheap,,,30/09/2026 19:10
9993cd48-6b39-4420-af74-7ca8c21d588e,cleanable.review,available,11.99,11.99,medium,low,9,namesilo,,,12/08/2026 10:19
ccc098a4-c588-4ecb-9d11-18cc89660ee2,lists.review,premium,1300,130,medium,low,5,namecheap,,,17/09/2026 08:32
1f289053-2934-490f-baea-429ab131a564,athena.review,premium,650,84.5,high,medium,6,namecheap,,,20/09/2026 20:35
9f4ec3a0-6963-403c-9eef-a0f456715a36,lara.review,premium,,,high,low,4,,,,27/09/2026 19:35
38335233-fc4c-473d-9df6-661722caab8a,shedding.review,available,11.99,11.99,high,low,8,namesilo,,,01/10/2026 01:44
be383969-a0a8-4120-b5ec-a755df0c4375,ossified.review,available,11.99,11.99,medium,low,8,namesilo,,,18/08/2026 13:15
6b0d9d3c-0761-497a-a062-23fcd6a840ca,hangar.review,premium,130,32.5,high,low,6,namecheap,,,17/09/2026 23:05
9d96a8f7-b2e8-4452-910e-4b403043457a,guangxi.review,available,10.79,10.79,medium,low,7,porkbun,,,30/09/2026 21:15
ea9072aa-4fed-46e9-a3df-af7130569323,ingress.review,premium,437.5,62.5,medium,low,7,name.com,,,22/08/2026 01:52
bdcc25be-1674-4ee0-bfb4-fcb6a1c03ea3,vigilantly.review,available,34.99,37.99,medium,low,10,name.com,,,16/09/2026 10:54
5e269d78-a44c-4fd3-94e3-ced019830797,tre.review,premium,640,77.35,high,low,3,namesilo,,,29/09/2026 02:48
bd7f3e91-ddc5-419b-85cb-3fdf3106f796,sears.review,premium,,,high,low,5,,,,29/09/2026 04:28
6395c2f8-0f17-4c4b-a14d-b6a919d126a1,cousin.review,premium,455,65,high,low,6,namecheap,,,24/09/2026 18:49
2d8653d1-04fa-49ae-8b85-b521dcf5c5fc,slender.review,premium,437.5,62.5,high,low,7,name.com,,,24/08/2026 01:14
f0be23fb-7d0a-4a69-9db6-b918b1f817e0,glands.review,available,11.99,11.99,medium,low,6,namesilo,,,29/09/2026 16:29
3d00f6e6-506a-4625-8023-3e0a183f906a,predecessor.review,available,10.53,10.53,high,low,11,spaceship,,,30/09/2026 11:38
42b5177c-7327-4058-939e-23e06b10ad60,singer.review,premium,3450,116,high,low,6,namesilo,,,25/09/2026 23:13
109a9f00-d8f4-4d99-a811-004b57e4ec3d,angiology.review,available,12.98,15.73,medium,low,9,namecheap,,,19/09/2026 06:13
a737673b-dac5-4758-99e7-adf8f3a8dfbf,nonfat.review,available,11.99,11.99,medium,low,6,namesilo,,,17/08/2026 23:23
ce7006ec-c351-4f68-9e50-9746d278f2b5,mischief.review,premium,640,77.35,high,low,8,namesilo,,,21/09/2026 21:54
2e4d58ec-2a06-4c6c-bf7c-280c9da61f75,jules.review,premium,448,53.92,high,low,5,namesilo,,,25/09/2026 15:01
b74721b1-3d08-4303-a747-5e3f38483ee5,demoralize.review,available,11.99,11.99,medium,low,10,namesilo,,,13/08/2026 02:16
1e2b8e05-ef8c-477e-851b-672068a61b67,evocative.review,available,11.99,11.99,high,low,9,namesilo,,,17/08/2026 15:14
7e68a64e-5693-4ed1-8c58-690099b0e1d5,purr.review,available,12.98,15.73,high,low,4,namecheap,,,23/09/2026 20:53
f061a81e-77fb-4269-b99c-67d87c042949,institution.review,premium,455,65,high,low,11,namecheap,,,27/09/2026 08:25
1e59c427-de3a-4575-9dd9-34e189a5db1b,camps.review,premium,1035.2,103.7,medium,low,5,spaceship,,,28/09/2026 18:04
2814f71e-ed5a-4b0b-b861-ec5f5ffadd3d,reece.review,premium,362.45,51.95,high,medium,5,spaceship,,,29/09/2026 22:09
fc0b83fc-b087-4007-b18c-3eb6d78c10d4,sunhat.review,available,10.53,10.53,high,low,6,spaceship,,,30/09/2026 12:15
5e9b6d11-5787-472b-ad44-37d9c0cac5fe,directive.review,premium,437.5,62.5,high,low,9,name.com,,,14/08/2026 08:48
8806578f-a062-485e-bed5-23fb39119f7d,homey.review,premium,1107,116,high,low,5,namesilo,,,21/08/2026 11:06
8cd5de65-e803-448f-b390-684903b3cf5c,haze.review,premium,455,65,high,low,4,namecheap,,,30/09/2026 01:51
8b17fb45-a0d9-4f9b-a968-a4c0b209caab,pleased.review,premium,116,29.5,high,low,7,namesilo,,,27/09/2026 04:08
cc2f9a65-8411-4b87-85b2-61a32d306502,composition.review,available,10.53,10.53,high,low,11,spaceship,,,28/09/2026 22:45
a7acd798-c8d7-4d74-9f79-287b4eb39a59,supervised.review,available,11.99,11.99,high,low,10,namesilo,,,11/09/2026 02:26
3b3888dd-718e-4dcc-ae99-52bacb9442c5,sweating.review,premium,103.7,26.08,medium,low,8,spaceship,,,28/09/2026 13:54
e650a03a-aefb-45a2-ad9f-d27aaf67fbb5,penalties.review,premium,116,29.5,high,low,9,namesilo,,,
4d1c6482-220e-4c12-85ce-0b61b5d387f6,focused.review,premium,1107,116,high,low,7,namesilo,,,28/09/2026 05:57
bfadbde9-4165-4179-8890-84bcd11e0532,riot.review,premium,1107,116,high,low,4,namesilo,,,24/09/2026 13:04
016567b8-469a-4af4-aff2-f56e853af985,warrants.review,premium,1107,116,medium,low,8,namesilo,,,29/09/2026 11:17
35b46cdf-ea61-411a-872e-c0cbda152f06,predatory.review,premium,116,29.5,medium,low,9,namesilo,,,24/08/2026 15:43
17ac3d75-ec0b-446d-b962-d0fb4178bae8,hirsch.review,premium,455,65,high,low,6,namecheap,,,27/09/2026 07:27
874be18d-4ebf-4175-98e6-ab9606e6639d,balloon.review,premium,455,65,high,low,7,namecheap,,,21/09/2026 23:08
ee792ba3-a4e1-4009-bd05-3a02cbf6d66e,pellucid.review,premium,437.5,62.5,high,low,8,name.com,,,13/08/2026 09:44
4b5d37a5-ba23-447e-84f1-1667e9108e2f,jennings.review,premium,455,65,high,low,8,namecheap,,,25/09/2026 19:32
02b9ca59-3715-4f0e-a351-9a67f3c4f1f4,kerr.review,premium,455,65,high,low,4,namecheap,,,25/09/2026 19:26
6eef0f20-0469-4583-a7b8-04c5d84313e8,stroke.review,premium,125,,high,low,6,name.com,,,28/09/2026 21:42
d7712864-27f7-453c-9a01-b74b2e4cccc4,shahn.review,available,11.99,11.99,high,low,5,namesilo,,,23/09/2026 07:28
e16e7871-e567-4b45-b426-ebf0a7cd9069,greenberg.review,premium,455,65,high,low,9,namecheap,,,27/09/2026 04:16
eb0d0bd0-70ec-4ff5-a39d-ff4346bc1b92,casablanca.review,premium,110,27.5,high,low,10,dynadot,,,30/09/2026 01:00
db1db13a-c73a-4af8-a788-55f7133aa481,fatty.review,premium,3125,125,high,low,5,name.com,,,17/08/2026 23:52
40e1266e-cc4f-4af9-baf0-619e4ec97cb5,unedited.review,available,11.99,11.99,medium,low,8,namesilo,,,12/09/2026 08:51
e4eff2b4-2366-44ea-a9f2-9de4a5005961,oxfam.review,premium,437.5,,high,low,5,name.com,,,
177a1f56-a632-4dca-9f29-06616a48a9cd,attain.review,premium,,,high,low,6,,,,30/09/2026 10:56
a9b80174-e54b-41f7-8fe1-19d88b091719,mates.review,premium,1107,116,high,low,5,namesilo,,,28/09/2026 10:21
4549e615-de34-4a7f-9c43-538aedb2ad38,switched.review,premium,448,53.92,medium,low,8,namesilo,,,27/09/2026 09:43
018e4390-a30b-4d0a-93e6-fa1cc61f016e,weeklong.review,available,11.99,11.99,medium,low,8,namesilo,,,10/09/2026 05:01
a6d4866a-fc73-4090-a1db-9e20d38c71b0,dresden.review,premium,385,55,high,low,7,dynadot,,,30/09/2026 17:05
b6cd9e16-daa0-4c7a-b659-1153b9b99f3b,nodding.review,available,11.99,11.99,high,low,7,namesilo,,,12/08/2026 00:48
fd904c76-141a-4137-b4d4-590bfc673ce3,swimmingly.review,available,11.99,11.99,medium,low,10,namesilo,,,16/09/2026 02:58
5b8a0304-f741-4d10-a821-fa0669336e28,verbally.review,available,12.98,15.73,medium,low,8,namecheap,,,16/09/2026 10:50
5cf43cb8-26e6-4bac-b285-b3b5f96c11da,authoring.review,available,10.53,10.53,high,low,9,spaceship,,,30/09/2026 11:46
56a6c8d1-f9df-408f-9ad4-4ad3c84658b2,stratford.review,premium,448,53.92,medium,low,9,namesilo,,,25/09/2026 14:45
c491c77c-f05a-4413-a042-53d3fc592bd6,compares.review,premium,3450,116,high,low,8,namesilo,,,30/09/2026 15:18
86eb8c47-81b1-422e-a12f-0d54c32f354a,purebred.review,premium,448,53.92,high,medium,8,namesilo,,,09/09/2026 06:16
3ef2e30d-58fa-4efc-a2a9-ccfe8b1e6ced,competency.review,available,11.99,11.99,high,low,10,namesilo,,,24/09/2026 16:48
f0e09f86-c07f-486d-9c75-e268706baca9,logical.review,premium,6250,125,high,low,7,name.com,,,12/08/2026 16:03
67d37ad3-1fa6-4483-b8f5-4cb591ef6bf3,costumes.review,premium,6500,130,medium,low,8,namecheap,,,28/09/2026 05:07
d8ef3ab1-3310-4d07-9bc6-158ac040baa4,eye.review,premium,640,77.35,high,low,3,namesilo,,,23/09/2026 13:32
1661355f-fee2-492d-8b07-a5dfcf854f58,perfume.review,premium,3450,116,high,low,7,namesilo,,,27/09/2026 04:02
0b074719-ebe7-41b8-9ac9-c8b14bf6b80b,odium.review,available,11.99,11.99,medium,low,5,namesilo,,,16/09/2026 15:27
73c4e4f2-b107-4066-8fa9-12067f9b06b5,imminently.review,available,11.99,11.99,medium,low,10,namesilo,,,15/09/2026 02:00
6bd02dbb-4fb5-4a96-b59a-a45f0bff474d,lange.review,premium,455,65,high,medium,5,namecheap,,,25/09/2026 04:56
6d23474d-0a21-4e08-8c21-d6d56b937056,saturdays.review,premium,3450,116,medium,low,9,namesilo,,,29/09/2026 15:55
364d8ea9-0d72-4bf4-9af5-d470286717ee,overnight.review,premium,1107,116,high,low,9,namesilo,,,22/09/2026 00:44
e98289c7-d126-4335-a47f-40fdc5a4c490,wiper.review,premium,448,53.92,high,low,5,namesilo,,,24/09/2026 17:39
8553f117-3eb9-466f-a538-a386453f36de,racist.review,premium,437.5,62.5,medium,low,6,name.com,,,
0314bfc5-0d9d-4628-a0a9-95d7b4cfdf71,lesson.review,premium,1107,116,high,low,6,namesilo,,,25/09/2026 21:42
514dadd2-e5ad-4b5e-949c-673ebeda4e13,foolish.review,premium,130,32.5,high,low,7,namecheap,,,24/09/2026 11:44
6eb08227-07ff-4d08-8889-f8662a997e53,portend.review,available,12.98,15.73,medium,low,7,namecheap,,,21/09/2026 03:29
0e3b5216-3fdd-4759-b22e-ad6fe59376f6,arb.review,premium,640,77.35,high,low,3,namesilo,,,20/09/2026 00:31
e0ef2965-3fcb-4e18-9382-8cf5723c5714,peter.review,premium,448,53.92,high,medium,5,namesilo,,,24/09/2026 16:12
e9fcff64-5b65-4473-b815-d33e034ea1d7,dissolver.review,available,11.99,11.99,medium,low,9,namesilo,,,10/09/2026 13:52
b51c014c-ae2f-4c14-b671-9c5b98759a4b,must.review,premium,1300,130,high,low,4,namecheap,,,25/09/2026 22:28
952787fc-f20f-4caa-aa2e-b2e66d83145a,knobbly.review,available,11.99,11.99,medium,low,7,namesilo,,,22/08/2026 16:31
bda8ebb5-a394-48c9-bcb5-83f92149ed73,landry.review,available,11.99,11.99,medium,low,6,namesilo,,,29/09/2026 05:35
f1727334-9abf-4595-9843-ca4b2ed31e40,flatfoot.review,premium,448,53.92,medium,low,8,namesilo,,,10/09/2026 16:10
81c52fb4-03f3-44bc-acd1-be846b28ae8e,bert.review,premium,448,53.92,high,low,4,namesilo,,,25/09/2026 14:48
3c31fef3-58a8-4abb-a6e4-5ee5c31d33bb,welds.review,available,11.99,11.99,medium,low,5,namesilo,,,20/09/2026 14:08
de0b8817-c444-439c-acbf-523135531bd4,elkhart.review,premium,362.45,51.95,medium,low,7,spaceship,,,30/09/2026 13:59
5e1e5bcf-d65f-49c5-bb94-eee53740cb9a,packaging.review,premium,1035.2,103.7,high,low,9,spaceship,,,29/09/2026 13:38
2131b5a9-0967-4954-93cc-7f81ab29d5e8,katie.review,premium,448,53.92,high,low,5,namesilo,,,25/09/2026 13:27
297c3f55-93e5-460d-a70b-cabae8675183,joyful.review,premium,625,81.25,high,low,6,name.com,,,20/08/2026 14:22
1b5b6ddb-20e3-4cae-9192-3d0126d402ba,ride.review,premium,2587.7,103.7,high,low,4,spaceship,,,29/09/2026 00:38
cb11c271-47f0-463c-9ce0-f9ff46c96236,asmara.review,premium,448,53.92,medium,low,6,namesilo,,,20/09/2026 14:27
aeafff3a-5985-444c-9a2b-5eae34ece537,umpteen.review,available,11.99,11.99,medium,low,7,namesilo,,,11/09/2026 23:06
33fe3965-74ed-4cd4-9ca6-fc26afb7dff5,browned.review,available,11.99,11.99,medium,low,7,namesilo,,,11/08/2026 06:29
9b4af1d3-51d0-4030-93f4-abd60a4a1ccc,curving.review,available,11.99,11.99,high,low,7,namesilo,,,13/08/2026 11:49
83a21e57-225a-451f-a4f6-cb137b58f19d,cowles.review,premium,455,65,medium,low,6,namecheap,,,30/09/2026 05:23
27665a0c-c1b8-44dc-bacf-3c6519b4b840,connection.review,premium,362.45,51.95,high,low,10,spaceship,,,01/10/2026 02:25
b0c8602c-d291-4d8c-8a8d-f5d8c175ed28,novelty.review,premium,1035.2,103.7,medium,low,7,spaceship,,,29/09/2026 02:33
2730a81d-f190-4979-a765-a294139e40d9,neutralize.review,available,10.53,10.53,high,low,10,spaceship,,,01/10/2026 04:11
3d292768-f59a-44f0-b487-2785927313af,flooding.review,available,10.9,10.9,medium,low,8,dynadot,,,29/09/2026 00:57
5dc026a4-476a-46b1-97d9-ecfe8f211cc4,nikolai.review,premium,362.45,51.95,high,low,7,spaceship,,,27/09/2026 20:11
e85b5714-baf1-4207-93b9-af285f762138,gee.review,premium,550,71.5,high,low,3,dynadot,,,29/09/2026 20:19
6343d85d-7ef1-4088-abd1-3032640c0219,ramona.review,premium,382.61,55.11,high,low,6,porkbun,,,29/09/2026 11:56
79d80214-b286-482c-940c-3bd67d5c8bdf,shambolic.review,premium,448,53.92,medium,low,9,namesilo,,,10/09/2026 05:51
4d85dd21-34f8-45e9-b4fe-86e117792d63,fern.review,premium,,,high,low,4,,,,29/09/2026 00:53
589d8df6-cc33-44eb-9cf0-08b8475a308d,preparations.review,available,11.99,11.99,low,low,12,namesilo,,,29/09/2026 05:22
ed07b6d7-e7c7-4602-9868-0d0066dc264d,concession.review,premium,448,53.92,high,low,10,namesilo,,,24/09/2026 17:04
d98c12a0-ecdc-4ed5-9fcc-ddfb2f3c8b44,backpacker.review,premium,3450,116,high,low,10,namesilo,,,21/09/2026 15:44
2cc1c2c8-cee0-4c49-b80f-af72d595876d,lng.review,premium,640,77.35,high,low,3,namesilo,,,28/09/2026 13:00
808a4d75-38b0-480c-b213-ae244d3916e1,morelos.review,premium,362.45,51.95,medium,low,7,spaceship,,,30/09/2026 21:17
f2fbb5f2-61ba-4823-a582-5bd39430a732,pertinent.review,premium,1107,116,high,low,9,namesilo,,,06/08/2026 07:59
fc0c144f-f722-4ca0-910f-8bd7e46f80ce,rooster.review,premium,362.45,51.95,high,low,7,spaceship,,,29/09/2026 13:52
0440ae09-7cec-4654-8c21-a83b41e9de37,amen.review,premium,455,65,high,low,4,namecheap,,,18/09/2026 18:25
395ba506-d445-4ee1-acba-723ede92ad38,feverish.review,premium,437.5,62.5,medium,low,8,name.com,,,18/08/2026 00:29
5ab34a0b-a5c2-4c36-a97f-294c8b263dcd,question.review,premium,3450,116,high,low,8,namesilo,,,25/09/2026 10:22
fb43784d-38ac-4224-b6fe-003781fe5793,buttercups.review,premium,437.5,62.5,medium,low,10,name.com,,,20/09/2026 19:49
47f44025-a80f-47a7-a20b-710ea8ea0b3e,bowes.review,available,11.99,11.99,medium,low,5,namesilo,,,30/09/2026 05:26
b30bff75-b55c-4620-85cc-8d7fda7e7565,prairie.review,premium,116,29.5,high,low,7,namesilo,,,30/09/2026 07:12
c0ad498b-7126-44aa-831b-12791222254c,stepped.review,available,12.98,15.73,high,low,7,namecheap,,,25/09/2026 18:05
4df63e2b-668a-471c-98d1-e582c16ec295,overbold.review,available,12.98,15.73,medium,low,8,namecheap,,,04/09/2026 20:21
bbf85bd8-2b12-425b-9e1b-41d03e1aaa55,berkshire.review,premium,650,84.5,high,low,9,namecheap,,,23/09/2026 09:33
36a79e8d-6c6e-4bcf-b72e-96744d6cadbf,dais.review,premium,448,53.92,high,low,4,namesilo,,,18/09/2026 17:12
a11d6272-571d-4426-9821-6ad11721d861,fascism.review,premium,,,medium,low,7,,,,30/09/2026 01:35
92799490-e994-499b-b0b5-78b0092d6ca5,spindles.review,available,10.9,10.9,medium,low,8,dynadot,,,30/09/2026 00:48
93bd42a7-c202-40b0-beb2-3222b9a6b2c1,citations.review,available,10.53,10.53,medium,low,9,spaceship,,,01/10/2026 00:26
2892f3b5-71c5-4d17-92fd-c8e5a7c6c20c,alvin.review,premium,448,53.92,high,low,5,namesilo,,,25/09/2026 13:49
eee570e0-3b80-45eb-b887-e07d5a5e46ea,ancients.review,available,11.99,11.99,high,low,8,namesilo,,,19/09/2026 03:51
9101d77c-b58c-44ec-81c7-b296f727148b,catapultic.review,available,12.98,15.73,medium,low,10,namecheap,,,11/08/2026 21:06
f8d82552-36f7-4d78-b1e3-e609c89629db,illusory.review,available,12.98,15.73,medium,low,8,namecheap,,,21/08/2026 20:15
0850a236-8b57-48c5-b9f2-216efe8de007,sorted.review,premium,125,37.99,high,low,6,name.com,,,20/08/2026 20:24
9843d298-a3e1-4962-b964-6d732890ca85,unvented.review,available,11.99,11.99,low,low,8,namesilo,,,12/09/2026 22:11
56c33ac2-a23d-4a9c-bacb-28951f9dc598,provinces.review,available,12.98,15.73,medium,low,9,namecheap,,,18/09/2026 15:35
8cab2c59-823d-49b4-b688-94d649b3fe46,remainder.review,premium,116,29.5,high,low,9,namesilo,,,09/09/2026 15:03
25f5609d-a2e3-4781-8360-85a5a915f5de,worry.review,premium,116,29.5,high,low,5,namesilo,,,29/09/2026 22:21
e8a9e90d-532d-4612-8b31-23fb27add994,emil.review,premium,448,53.92,high,low,4,namesilo,,,25/09/2026 15:33
c7c2c5c0-b2d8-44d0-8093-20a9cc06b992,bevan.review,available,11.99,11.99,medium,low,5,namesilo,,,29/09/2026 21:45
e271305e-bf3f-47f1-925f-ed168dc53a54,alternate.review,premium,1300,130,high,low,9,namecheap,,,22/09/2026 02:29
fa7ce82a-1ec5-4619-b606-157139e5e66b,soonest.review,available,11.99,11.99,medium,low,7,namesilo,,,14/08/2026 22:25
a2a39006-10c7-4269-8f6e-3b3d4250ee04,vocation.review,premium,1107,116,high,low,8,namesilo,,,30/09/2026 16:34
d96fe751-bc05-49a0-a696-9b5ef56ed134,metropolis.review,premium,385,55,high,low,10,dynadot,,,30/09/2026 01:03
a1fad895-dc00-49dd-9ad8-5707a9d6664f,disappear.review,premium,448,53.92,high,low,9,namesilo,,,27/09/2026 05:58
1f4b54eb-65ed-4b3e-972e-746c448d3033,vineyard.review,premium,2587.7,103.7,high,low,8,spaceship,,,28/09/2026 20:44
9c1b5bfe-1f92-42f1-b755-fd262066b7f0,cope.review,premium,455,65,high,low,4,namecheap,,,24/09/2026 18:08
fd2ff744-60fe-4a8b-85e5-b26dda5fd5e1,gregory.review,premium,448,53.92,high,low,7,namesilo,,,19/09/2026 06:00
e02be07d-2fea-4c6d-8916-bcb76c593e79,gaslit.review,available,11.99,11.99,medium,low,6,namesilo,,,17/09/2026 16:25
259cf385-fe00-4122-bbef-9539e79fe61a,cognitive.review,premium,625,81.25,high,low,9,name.com,,,12/08/2026 15:58
6bdb237c-50e1-49db-abf6-c1ad1386a8d4,mornings.review,premium,1107,116,high,low,8,namesilo,,,20/09/2026 04:12
45f5aba1-406a-469a-976c-188032743817,cochrane.review,premium,448,53.92,medium,low,8,namesilo,,,27/09/2026 01:53
db980df5-3099-4f02-a8d3-fae6e36a0e4a,brothel.review,premium,6500,130,medium,low,7,namecheap,,,21/09/2026 18:15
865bb32d-def3-42e4-9b45-ab269439915d,bleb.review,available,11.99,11.99,medium,low,4,namesilo,,,24/09/2026 05:21
12a9718f-457b-46b7-b841-3de125b2067b,zia.review,premium,640,77.35,high,low,3,namesilo,,,30/09/2026 04:40
24165a22-3d40-47eb-9e4e-e1e0b85d1821,urbane.review,premium,437.5,62.5,high,low,6,name.com,,,11/09/2026 04:57
a6ab01f3-5c43-43e0-aa0c-0173ea449df4,pathological.review,premium,650,84.5,medium,low,12,namecheap,,,29/09/2026 21:08
99f659ce-07c0-42cf-8e9a-666e51b7bf6d,yvette.review,premium,362.45,51.95,medium,low,6,spaceship,,,30/09/2026 20:09
c2a1382d-d7dd-47b5-b687-a4b284b82a42,chemicals.review,premium,1035.2,103.7,medium,low,9,spaceship,,,28/09/2026 08:24
5eb58786-b827-45a6-9bb4-c1b149fd2961,trounce.review,premium,437.5,62.5,medium,low,7,name.com,,,09/08/2026 05:27
fe74d673-77bd-4288-adf5-8864847bf274,careers.review,premium,6900,116,medium,low,7,namesilo,,,28/09/2026 23:00
297913e0-8f1c-492a-946b-a0dee0a303d0,billiards.review,premium,116,29.5,high,low,9,namesilo,,,23/09/2026 16:23
448f27c7-5e04-4b57-b0e7-635216d8e6c0,strawberries.review,premium,110,27.5,medium,low,12,dynadot,,,29/09/2026 23:41
c8a7e867-69e1-49e9-9637-84ca00d6538f,footprint.review,premium,517.7,67.48,high,low,9,spaceship,,,29/09/2026 12:23
dfe83898-0206-4f25-ad5f-d731c78b363e,egregious.review,available,12.98,15.73,medium,low,9,namecheap,,,15/08/2026 19:48
9ce357f8-9249-4f53-9790-b4e52a9c8a52,stacey.review,premium,,,medium,low,6,,,,28/09/2026 07:44
b6ad9e24-24ea-4df5-842d-8a7c71dae095,etiologic.review,available,11.99,11.99,medium,low,9,namesilo,,,
864de178-08ce-4aae-8aa2-9d8bae20ad69,ignescent.review,available,12.98,15.73,medium,low,9,namecheap,,,21/08/2026 18:22
c7f90deb-8f9c-4fe0-af0a-0c9af3ee7571,clv.review,premium,625,81.25,high,low,3,name.com,,,
6bb9fa89-545a-442e-9fe9-094f0639cb32,torch.review,premium,640,77.35,high,low,5,namesilo,,,28/09/2026 16:58
e44b8f4b-7c26-4643-aaa8-be4486ef6fa1,glibly.review,available,12.98,15.73,medium,low,6,namecheap,,,14/09/2026 21:34
919d6398-15a8-40fd-99f2-9ce930c39a7e,plugin.review,premium,650,84.5,high,low,7,namecheap,,,17/09/2026 06:36
f5690ad1-1aa1-4340-aa18-0e873fb47bd5,detachment.review,available,10.53,10.53,high,low,10,spaceship,,,29/09/2026 12:04
baeb3c58-5709-449d-91b6-a06d8e01f437,holiness.review,available,10.9,10.9,high,low,8,dynadot,,,29/09/2026 19:10
26ed0c53-c83f-4c8e-8741-4491d2d95978,upraised.review,available,11.99,11.99,medium,low,8,namesilo,,,23/08/2026 01:53
bad99b68-87bb-4738-8e15-ee125b8bb7a4,neandertal.review,available,12.98,15.73,medium,low,10,namecheap,,,10/08/2026 19:30
df33328c-f08e-4a5c-aa17-7dd4bad433c7,glass.review,premium,1107,116,high,low,5,namesilo,,,29/09/2026 14:00
ee62d85f-1978-4352-b16f-93bd178cfc60,sgt.review,premium,640,77.35,high,low,3,namesilo,,,27/09/2026 06:19
0877ae0e-50bc-4d16-847b-5d99558ab5c1,repeating.review,premium,103.7,26.08,high,low,9,spaceship,,,28/09/2026 06:41
1f0b2a8d-d3fd-4bc2-b524-15bab9b0923e,wyandotte.review,premium,103.7,26.08,high,low,9,spaceship,,,30/09/2026 20:28
76b46c20-0657-4449-b861-777042557cc5,railways.review,premium,3450,116,medium,low,8,namesilo,,,18/09/2026 22:58
ac7f4c81-3db5-4d32-bb32-03783127bb81,coexisting.review,available,11.99,11.99,medium,low,10,namesilo,,,12/08/2026 15:32
fce5f31f-9381-436f-8c90-2ef64fe3330a,afp.review,premium,640,77.35,high,low,3,namesilo,,,17/09/2026 15:12
af57565c-6efc-4213-a863-cc7a6277d863,imaging.review,premium,,,high,low,7,,,,29/09/2026 19:16
464046f3-cf0e-4578-844d-33035ba95f9a,duckbill.review,premium,437.5,62.5,medium,low,8,name.com,,,14/08/2026 20:46
9bb8fc71-8e5d-49bf-bbb9-ea9c760d6af5,diluvian.review,available,11.99,11.99,medium,low,8,namesilo,,,14/08/2026 07:51
bb8b1f62-14d1-4d68-8d61-66761c6bba93,diurnal.review,available,11.99,11.99,medium,low,7,namesilo,,,14/08/2026 13:34
8e94cd77-997f-4891-a28f-4274d734da55,sharply.review,premium,110,27.5,medium,low,7,dynadot,,,27/09/2026 20:32
d1a91810-b894-4516-b8ff-1dc524be0319,receiving.review,available,10.9,10.9,high,low,9,dynadot,,,27/09/2026 17:11
8abd456d-b377-41d2-998c-f435984eab7a,lunisolar.review,available,11.99,11.99,medium,low,9,namesilo,,,24/08/2026 11:31
7855b192-665b-4653-8f69-8d4cd23f1837,rave.review,premium,10350.2,103.7,high,low,4,spaceship,,,29/09/2026 13:10
b1fb74bf-c142-4031-8c3a-41110adc469e,choke.review,premium,448,53.92,medium,low,5,namesilo,,,24/09/2026 14:43
487b246c-6b98-4073-85d1-a7cd9d5a5c4f,acl.review,premium,640,77.35,high,low,3,namesilo,,,29/09/2026 03:18
3090b6be-68fa-4e1d-b744-1c877a3c5359,pochard.review,available,11.99,11.99,medium,low,7,namesilo,,,21/09/2026 10:48
b3258953-6823-4ac0-ba77-caba0c8c792a,speakable.review,available,11.99,11.99,high,medium,9,namesilo,,,10/09/2026 15:22
ed870830-649b-4c47-a8b7-03f53acd8fd4,haired.review,premium,116,29.5,medium,low,6,namesilo,,,20/08/2026 22:09
6c5e2f4c-d409-4ac0-9f63-49bda4786d76,lard.review,premium,517.7,67.48,medium,low,4,spaceship,,,30/09/2026 17:51
7839cd3f-2471-4b82-b419-b920fa435c1d,softly.review,premium,116,29.5,high,low,6,namesilo,,,27/09/2026 03:45
dcfc5aba-f08e-46ff-b623-6d24f41a61b7,seeing.review,available,10.53,10.53,high,low,6,spaceship,,,27/09/2026 19:35
a0e50631-2f62-49be-a8b9-d9f73dd73ceb,williamsburg.review,premium,448,53.92,medium,low,12,namesilo,,,27/09/2026 01:57
208d1983-1847-407f-bcf4-51b930f23075,decayed.review,available,12.98,15.73,medium,low,7,namecheap,,,13/08/2026 20:59
31285c84-af11-484f-9a9c-e57cbb383acf,agone.review,available,12.98,15.73,medium,low,5,namecheap,,,
22cf9c08-0952-41e3-a9ac-cff0b569cbe6,exocentric.review,available,11.99,11.99,medium,low,10,namesilo,,,17/08/2026 17:21
b14b716f-5bac-46b3-824d-08b0ca7c153f,privilege.review,premium,,,high,low,9,,,,28/09/2026 01:52
9b0e0e6d-9e4c-47d7-bc17-186ac1ea0a33,aid.review,premium,640,77.35,high,low,3,namesilo,,,28/09/2026 02:16
64c1082e-a340-4cac-88ca-501c4e5c372c,minty.review,premium,437.5,62.5,high,low,5,name.com,,,25/08/2026 00:53
f0fef366-3e5e-4453-a4ca-6427da03970c,sociable.review,premium,448,53.92,high,medium,8,namesilo,,,10/09/2026 13:08
8fee9f17-803d-4e68-adb2-17d52d0e30eb,possibly.review,premium,625,,medium,low,8,name.com,,,28/09/2026 16:14
cb237eb8-0cc6-44c3-99af-5dafcbe28a93,sleeps.review,available,10.18,10.18,medium,low,6,cloudflare,,,28/09/2026 13:22
74c87ab7-a4b5-4941-80ae-3c0c42f47c77,peptic.review,available,11.99,11.99,medium,low,6,namesilo,,,08/09/2026 15:53
2f0e40d4-3175-4e1d-9545-c126ce87ab31,voluntary.review,premium,3250,130,high,low,9,namecheap,,,13/09/2026 07:07
e14a837d-9bd2-4823-a1df-2996f86075a5,cooley.review,premium,385,55,medium,low,6,dynadot,,,30/09/2026 20:21
268ebe21-38d7-41f2-a4f9-713bf2d5a040,bacchanal.review,available,11.99,11.99,high,low,9,namesilo,,,08/08/2026 04:14
05f54a18-2811-44fa-9fe2-d8a08cbad7bb,pune.review,premium,103.7,26.08,medium,low,4,spaceship,,,30/09/2026 12:49
454fa1f9-2969-4b3a-bc96-1d4a790a8e98,focusing.review,premium,116,29.5,high,low,8,namesilo,,,24/09/2026 13:33
1c7f33ac-bf8b-4436-8b16-a52562a499c0,analysts.review,available,10.53,10.53,high,low,8,spaceship,,,30/09/2026 07:46
24fe3909-d441-46bb-9989-3ed405e2ced7,gobs.review,premium,448,53.92,high,low,4,namesilo,,,14/09/2026 23:34
9bf5c91f-28b7-4648-8727-b7cab523ef5f,abdominous.review,available,11.99,11.99,medium,low,10,namesilo,,,
59661943-aa5e-4dca-8f1e-b1f0972eef15,solvent.review,available,11.99,11.99,high,low,7,namesilo,,,19/09/2026 16:47
7159a945-b800-4ab5-af9b-5f6dbd3ab683,ochre.review,available,11.99,11.99,high,low,5,namesilo,,,04/09/2026 00:33
6cd5f776-0873-44b3-a1f3-12de03b94143,ableism.review,available,11.99,11.99,medium,low,7,namesilo,,,16/09/2026 16:10
e1281679-192c-4fbf-8a98-824775ac7871,undetected.review,available,11.99,11.99,medium,low,10,namesilo,,,12/09/2026 07:57
2b497431-fae0-4bb7-91bf-7f535591e098,blahs.review,available,12.98,15.73,medium,low,5,namecheap,,,24/09/2026 03:42
0c81632f-80e5-4f13-8668-b5541ffe993b,tires.review,premium,6900,116,medium,low,5,namesilo,,,27/09/2026 10:07
5d6e55a5-61ca-435b-abcf-4c24552e3a83,catarrhine.review,available,12.98,15.73,medium,low,10,namecheap,,,11/08/2026 21:11
47043d5e-669f-449c-9bb2-25fbd5d3dfb1,arctium.review,available,11.99,11.99,medium,low,7,namesilo,,,20/09/2026 02:49
45c971c0-d962-4cf6-9a54-4c9d00550191,mosquito.review,premium,455,65,medium,low,8,namecheap,,,30/09/2026 05:20
ecdefd04-5622-47c2-9c6e-419d050f442b,deirdre.review,available,11.99,11.99,medium,low,7,namesilo,,,30/09/2026 20:53
7187059c-3e03-4898-b7fb-50d650c3cca2,canasta.review,premium,455,65,medium,low,7,namecheap,,,22/09/2026 11:16
68c67255-cea4-4972-b650-e135ddd0bf28,structure.review,premium,362.45,51.95,high,low,9,spaceship,,,30/09/2026 21:12
73992112-61f5-43db-88f9-c1deef9a4ac2,garland.review,premium,362.45,51.95,high,low,7,spaceship,,,30/09/2026 16:42
4732415d-dc01-427e-afc0-a8c1806d5fe5,antimatter.review,premium,455,65,high,low,10,namecheap,,,19/09/2026 14:40
8595db77-6179-4f29-9622-169efc6fcd63,barefaced.review,available,11.99,11.99,medium,low,9,namesilo,,,08/08/2026 09:20
1a70d9bf-1335-4c7a-92cc-82207328757b,uncrowded.review,available,11.99,11.99,medium,low,9,namesilo,,,12/09/2026 06:35
62da100b-3293-46ef-b834-16799a8d91fa,leonard.review,premium,448,53.92,high,low,7,namesilo,,,25/09/2026 22:27
5e1f5563-114c-4e86-9bcc-881c516d33b8,warwickshire.review,premium,103.7,26.08,medium,low,12,spaceship,,,29/09/2026 03:43
a0574549-6860-48e5-bf20-bd2b1aaa50e4,bsc.review,premium,650,84.5,high,low,3,namecheap,,,28/09/2026 15:39
b5833ae1-69ac-4ffb-8eb9-15389b299319,muted.review,available,11.99,11.99,high,low,5,namesilo,,,21/08/2026 15:56
449f6873-ffa5-4c9b-bc2e-8b27c3ef9ace,obdurate.review,available,12.98,15.73,medium,low,8,namecheap,,,13/08/2026 12:15
3e20f644-7061-489e-9860-56885753d0e2,ragged.review,available,11.99,11.99,high,medium,6,namesilo,,,09/09/2026 09:43
021ba80e-1f2b-49e8-b03e-9297c6310ab5,manhood.review,premium,1035.2,103.7,high,low,7,spaceship,,,29/09/2026 19:12
f8ee8a81-e41e-4b71-bec9-6c9e07afb14f,bulge.review,premium,116,29.5,high,low,5,namesilo,,,08/09/2026 23:47
ca8a2811-d2d1-4367-8aab-071050ae0fad,provocative.review,premium,640,77.35,high,low,11,namesilo,,,29/09/2026 08:33
f24c2478-a4ae-4817-9638-bc5a8422b4df,tolerably.review,available,11.99,11.99,high,medium,9,namesilo,,,10/09/2026 12:56
1def0894-61ed-4022-80df-4bf3ec881858,abnormalcy.review,available,11.99,11.99,medium,low,10,namesilo,,,16/09/2026 16:19
84b25e17-eca3-4876-9112-eaa2efbf6b4a,kwh.review,premium,546.35,71.48,medium,low,3,porkbun,,,28/09/2026 07:34
8519300e-4184-45f3-8ede-31985d88b1d8,prudential.review,premium,640,77.35,high,medium,10,namesilo,,,09/09/2026 04:48
ba28b793-47a6-4077-9aba-6a023fd9d525,nam.review,premium,,,high,low,3,,,,28/09/2026 16:26
3fe6009b-bbaa-45cf-bd08-b81e743d23ec,anyplace.review,premium,13000,130,medium,low,8,namecheap,,,13/09/2026 20:15
6672b6a5-f4d8-4c04-b8e4-a39a70c4be7e,thermic.review,available,11.99,11.99,medium,low,7,namesilo,,,11/08/2026 15:05
6505db20-0fec-4061-a0a0-a276c82e47ca,musician.review,premium,6500,130,high,low,8,namecheap,,,27/09/2026 14:17
508fade4-433f-4b07-8da5-98a2e0664337,fig.review,premium,640,77.35,high,low,3,namesilo,,,28/09/2026 19:43
05431dd2-da79-4895-b8bc-784e1016be10,thallium.review,premium,448,53.92,medium,low,8,namesilo,,,20/09/2026 23:51
e61a5881-ef03-409a-93c5-699ce0cfa9f2,esthetics.review,available,11.99,11.99,high,low,9,namesilo,,,17/09/2026 13:38
964e258d-8c85-46d9-b0c0-b354d0cc667a,caffeine.review,premium,640,77.35,high,low,8,namesilo,,,24/09/2026 11:38
be73c2cb-8b9e-420e-9017-5ff0ad2d130c,discharge.review,premium,455,65,high,low,9,namecheap,,,20/09/2026 01:05
d3715462-3964-42e3-b787-fb7555c728dc,prospect.review,premium,,,high,low,8,,,,28/09/2026 14:06
1303409c-df62-4cfa-9f75-b3ca771ee28f,achaea.review,available,11.99,11.99,medium,low,6,namesilo,,,17/09/2026 00:27
386b4ede-a74e-47fc-b3e4-d6aa14f45e0a,publicly.review,premium,517.7,67.48,high,low,8,spaceship,,,28/09/2026 15:37
81867e12-a610-4562-8df3-6fc8810aa7a3,paw.review,premium,640,77.35,high,low,3,namesilo,,,30/09/2026 01:49
7ef9ee51-80ee-4467-9dfc-3e5426a3a36b,evenfall.review,available,11.99,11.99,medium,low,8,namesilo,,,11/09/2026 21:46
77622063-44f7-4fc7-b63f-a65cb73ef468,attenuate.review,available,11.99,11.99,medium,low,9,namesilo,,,07/08/2026 15:21
cc3501be-e84d-4466-8ec8-f80c504a4ea8,didrikson.review,available,11.99,11.99,medium,low,9,namesilo,,,21/09/2026 12:34
3325e6e7-6e35-45b1-83ef-061784aad197,bowelless.review,available,11.99,11.99,high,medium,9,namesilo,,,10/08/2026 23:08
d9b94b73-1770-49b1-8e7d-102d74c86744,peninsular.review,premium,448,53.92,high,low,10,namesilo,,,08/09/2026 14:28
97b8763b-f8ae-4ede-8066-0dc244764741,turnbull.review,premium,448,53.92,medium,low,8,namesilo,,,28/09/2026 08:25
ff15a1e0-7a85-4b11-ac56-a2e156194452,frances.review,available,10.53,10.53,medium,low,7,spaceship,,,28/09/2026 11:53
d7efb9ef-f719-48c8-b3ff-053318017e70,specializing.review,available,12.98,15.73,medium,low,12,namecheap,,,20/09/2026 06:01
5a00bdaf-e5a7-48c6-99be-9d18f7f98bb1,getaways.review,premium,455,65,medium,low,8,namecheap,,,20/09/2026 18:37
5dd10377-550b-443d-8f00-38ced2d181fe,pocketable.review,available,11.99,11.99,medium,low,10,namesilo,,,08/09/2026 22:20
c7a49ca1-9541-481a-b27f-f507189976da,nix.review,premium,640,77.35,high,low,3,namesilo,,,03/09/2026 22:30
e1c14f38-01de-473b-b677-01ecaee1e82c,cool.review,premium,6900,116,high,medium,4,namesilo,,,23/09/2026 23:02
7cfb580e-3459-414b-ac57-12223020ea5e,grad.review,premium,3125,125,high,low,4,name.com,,,20/08/2026 17:53
3412a4fe-6d30-4a81-b3c7-303f3003b821,endwise.review,premium,448,53.92,medium,low,7,namesilo,,,14/09/2026 15:37
76f7ac14-dad4-43eb-ab94-f051a32af96c,bhaga.review,available,11.99,11.99,medium,low,5,namesilo,,,23/09/2026 12:29
c28d3c9e-a370-4e37-aeb8-db663500bda2,groomed.review,premium,437.5,62.5,high,low,7,name.com,,,20/08/2026 20:15
ebaaffc2-b47e-4c39-95a6-ce9627f44c94,unavailable.review,premium,517.7,67.48,medium,low,11,spaceship,,,29/09/2026 03:22
fd0df3d4-9278-4362-a984-0b2efcfcd86b,tactic.review,premium,382.61,55.11,high,low,6,porkbun,,,29/09/2026 07:31
736c6b1d-1e14-4411-83fd-18af1200a566,berlioz.review,available,12.98,15.73,medium,low,7,namecheap,,,23/09/2026 09:39
cf2f9e94-8916-48cf-a9dd-158fa112e0df,broth.review,available,12.98,15.73,high,low,5,namecheap,,,24/09/2026 10:49
24a9d9cd-f1dc-47d2-90c1-b9ca718d6f93,otc.review,premium,640,77.35,high,low,3,namesilo,,,04/09/2026 18:34
abf03e5e-d4e0-441c-b191-e9c03fc0a19b,rampageous.review,available,11.99,11.99,high,medium,10,namesilo,,,09/09/2026 10:10
d6a0e379-a71c-4fa7-8fe2-40dd4f803c17,mantle.review,premium,362.45,51.95,medium,low,6,spaceship,,,28/09/2026 18:42
d1c3a078-69db-489a-a5eb-70076d867a3a,imminent.review,premium,125,37.99,high,low,8,name.com,,,21/08/2026 20:55
13320679-7f9d-42e2-bb49-2e4db40d4d7d,canopy.review,premium,385,55,high,medium,6,dynadot,,,29/09/2026 06:12
9fc1d091-1adb-4bea-8e7b-5bef8feeeefb,pupal.review,available,11.99,11.99,high,medium,5,namesilo,,,09/09/2026 06:07
75e9f6b5-071c-4f2d-ab06-909570a08666,ceramic.review,premium,625,81.25,high,low,7,name.com,,,12/08/2026 00:23
31520b9e-ed42-4f84-8842-f78bf0d2714a,ocular.review,premium,448,53.92,high,low,6,namesilo,,,04/09/2026 00:41
6c30b99a-8ddd-4d4c-9be7-dda87e47ad16,damian.review,premium,,,medium,low,6,,,,28/09/2026 21:56
da6c7571-3e71-4ba9-8257-bf4c672b8c85,tanya.review,available,12.98,15.73,high,low,5,namecheap,,,28/09/2026 16:17
694f08e8-fb21-4946-af9b-2f63749db5cc,warranty.review,premium,1035.2,103.7,high,low,8,spaceship,,,29/09/2026 21:39
5b329b21-3f48-44c4-9e61-8ff10c487d14,boggy.review,available,11.99,11.99,medium,low,5,namesilo,,,10/08/2026 17:01
c072eddf-b09e-4956-8274-cb88e42ae1fa,incapable.review,premium,116,29.5,medium,low,9,namesilo,,,22/08/2026 00:49
997ca637-a315-467c-b028-c3e434a1e59f,strips.review,premium,130,32.5,medium,low,6,namecheap,,,20/09/2026 02:09
64842c3f-808e-4fdb-b4dd-605dacf806e1,scalp.review,premium,385,55,high,low,5,dynadot,,,29/09/2026 08:01
16359719-1a41-4dc1-a841-96dfb9162edb,teasing.review,premium,640,77.35,high,low,7,namesilo,,,22/09/2026 05:24
6df1f892-0c5b-4b75-aa7f-c31c58c123aa,anthemis.review,available,11.99,11.99,medium,low,8,namesilo,,,19/09/2026 12:57
7bffaaee-d6b4-437a-8879-0f22744f3d37,abloom.review,available,11.99,11.99,medium,low,6,namesilo,,,
a05134ae-81c7-4099-8eb1-32f76ee6af3e,distantly.review,available,11.99,11.99,medium,low,9,namesilo,,,14/09/2026 13:17
b03e429c-0a48-4077-87a6-b320c5617b73,momentous.review,premium,116,29.5,high,low,9,namesilo,,,25/08/2026 03:59
49e73963-ec9d-4d72-bde6-d0f253e87ff2,showdown.review,premium,448,53.92,high,low,8,namesilo,,,30/09/2026 09:36
b28dda0f-26cc-4c5c-a90b-e79b0c7005eb,staggering.review,available,12.98,15.73,medium,low,10,namecheap,,,10/09/2026 18:08
6ec4868f-9035-473b-b79a-e11186f48290,layered.review,available,11.99,11.99,high,low,7,namesilo,,,22/08/2026 21:32
a6b100f5-ac13-4078-b364-2a8d62f0edc6,provides.review,available,11.99,11.99,medium,low,8,namesilo,,,16/09/2026 11:52
96340a1f-4af9-4b64-8069-f8356bc28475,plate.review,premium,116,29.5,high,low,5,namesilo,,,29/09/2026 10:15
21501fbd-be05-4196-8b20-014800837119,lifeboat.review,premium,,,high,low,8,,,,29/09/2026 19:32
461c6cab-f7ee-41cc-bf20-351868d44383,ventral.review,premium,437.5,62.5,high,low,7,name.com,,,
9ea50d21-25c7-46e3-8bc1-357d723629d3,tris.review,premium,362.45,51.95,high,low,4,spaceship,,,30/09/2026 12:39
8569886c-5ef4-434f-a3cf-2adf8c3cfb05,longlasting.review,available,11.99,11.99,high,low,12,namesilo,,,
3fd0f48f-f0f5-49b2-90b9-fcaffdc16d86,ferry.review,premium,116,29.5,high,low,5,namesilo,,,28/09/2026 05:42
c17b05a9-57d3-453f-8be8-4061a5ce37ca,prefrontal.review,available,11.99,11.99,high,medium,10,namesilo,,,09/09/2026 01:37
fa66f1b8-0872-40c6-bbb4-9fe5c298c26b,famously.review,premium,640,77.35,high,low,8,namesilo,,,14/09/2026 16:46
5373476e-d85d-4c6b-8c86-67d62b6c509d,napkins.review,premium,125,37.99,medium,low,7,name.com,,,21/09/2026 05:52
4b899c1e-6c31-4b16-a4f3-b3f66531a4e2,teachers.review,premium,455,65,high,low,8,namecheap,,,18/09/2026 18:31
1de039ba-96b8-4e59-8ced-bf581733eb17,hopkins.review,premium,448,53.92,high,low,7,namesilo,,,19/09/2026 13:42
8529aa56-7918-491b-921c-be885f4a83a8,unheralded.review,available,11.99,11.99,medium,low,10,namesilo,,,12/09/2026 00:42
3c532638-fa2c-42b3-9e13-de97e171ed5e,discharged.review,available,11.99,11.99,medium,low,10,namesilo,,,14/08/2026 09:49
b90ed52f-1134-4f1c-9f15-300a1f805c9a,basle.review,available,11.99,11.99,medium,low,5,namesilo,,,22/09/2026 10:14
5a293662-1bfb-4d2b-8da7-278a54b33dfb,slowed.review,available,11.99,11.99,medium,low,6,namesilo,,,20/09/2026 15:42
54dfd06c-f7ed-4192-8ee4-f95da729b6b2,slovenly.review,available,11.99,11.99,medium,low,8,namesilo,,,18/08/2026 16:55
d1a43a8d-66b5-4fbe-99ab-b4682d0ce8ba,tangential.review,available,11.99,11.99,medium,low,10,namesilo,,,14/08/2026 07:29
aa652f66-c398-4d10-8505-3a3dfe1b0677,xcvi.review,premium,116,29.5,medium,low,4,namesilo,,,
6a910028-e5b3-498c-ad0b-598317b984d0,chennai.review,premium,640,77.35,high,low,7,namesilo,,,30/09/2026 09:07
7f28eac3-e186-4769-8d7f-1ec03e042fe9,squeaking.review,available,11.99,11.99,medium,low,9,namesilo,,,10/09/2026 00:03
1ec7757b-6d50-4ba6-bd72-f07f0a89a435,auditorium.review,premium,640,77.35,high,low,10,namesilo,,,21/09/2026 03:13
f2abb6c9-ff9e-404a-8fd7-65ca98c85140,restrictions.review,available,12.98,15.73,medium,low,12,namecheap,,,29/09/2026 23:44
30b654dc-337f-42f5-a3a7-e66e73d19798,salzburg.review,premium,362.45,51.95,high,low,8,spaceship,,,28/09/2026 03:02
b13ce7dd-0225-4597-a335-61e951af5bcc,gamers.review,premium,13800,116,high,low,6,namesilo,,,20/09/2026 23:00
b4b72837-aeff-4e4b-b025-d33f95870d4c,carlton.review,premium,437.5,62.5,high,low,7,name.com,,,25/09/2026 15:21
8f4cafd5-b6af-464e-9cb2-48341bfbb745,aac.review,premium,517.7,67.48,high,low,3,spaceship,,,29/09/2026 15:15
b062aab1-e551-4e3c-93d8-cb5f3a4474d0,touchy.review,premium,116,29.5,medium,low,6,namesilo,,,21/08/2026 14:42
1aefea3e-e8b6-45fe-b361-8f9443d8b69c,darlene.review,premium,,,high,low,7,,,,30/09/2026 21:02
93304b83-9734-4fea-b7cf-f47f22ad4b99,entangled.review,premium,437.5,62.5,medium,low,9,name.com,,,16/08/2026 13:26
77423e17-af28-465d-9a1a-c48677038c3d,baton.review,premium,116,29.5,high,low,5,namesilo,,,22/09/2026 14:13
b0cf02e7-ea91-412a-a308-352a0486a87d,pops.review,premium,448,53.92,high,low,4,namesilo,,,18/09/2026 21:55
05906097-48f8-4d63-b235-6282f31693bd,hieroglyph.review,premium,437.5,62.5,medium,low,10,name.com,,,21/08/2026 08:33
63ab4a5a-ab1b-4382-9637-6606952a350c,hammered.review,premium,437.5,62.5,medium,low,8,name.com,,,20/08/2026 22:59
c93eb2e6-6b04-445c-bff5-ad72722c0a12,jena.review,premium,448,53.92,medium,low,4,namesilo,,,22/09/2026 15:18
45a06c96-9a8c-4c07-b22a-3b1746e5f35d,liveable.review,available,11.99,11.99,high,low,8,namesilo,,,24/08/2026 07:44
0126d762-ec33-44f2-89f9-0d5a37bb911b,somber.review,available,11.99,11.99,medium,low,6,namesilo,,,10/09/2026 14:00
3fb0b373-73ff-4c2b-8802-e201be158ae1,acheta.review,available,11.99,11.99,medium,low,6,namesilo,,,17/09/2026 00:33
757dd3aa-3ed3-47d4-8f95-2f7ddf341f45,farthest.review,premium,640,77.35,medium,low,8,namesilo,,,24/09/2026 17:05
e55523c8-836e-4032-81b7-0332746a6ceb,dedicated.review,premium,1107,116,high,low,9,namesilo,,,23/09/2026 20:41
06be4819-6f91-4cf1-8d5c-1eb4e3dcf6c0,multilingual.review,available,10.53,10.53,high,low,12,spaceship,,,29/09/2026 20:52
d052f050-d9f0-4432-a9f0-080504aef684,press.review,premium,13800,116,high,low,5,namesilo,,,25/09/2026 11:18
fd5b131b-c58d-4a11-a509-bfdb69cb9594,sounded.review,available,11.99,11.99,medium,low,7,namesilo,,,
10cccc1f-c49a-402c-94e9-f953dec34c33,shiatsu.review,available,34.99,37.99,medium,low,7,name.com,,,17/09/2026 05:40
538db29e-f202-4a3d-867b-c66cddfda77f,peters.review,premium,362.45,51.95,medium,low,6,spaceship,,,28/09/2026 17:25
f0dab1a7-276a-4701-8abd-42f2f3785e85,stupefied.review,available,34.99,37.99,medium,low,9,name.com,,,13/08/2026 18:55
ffca56ea-44cb-427c-a9fa-109e58eccb4b,boarding.review,premium,103.7,26.08,high,low,8,spaceship,,,27/09/2026 11:44
c9ccf71c-f507-472e-9289-32aed5ace96f,anniversary.review,premium,546.35,71.48,high,low,11,porkbun,,,01/10/2026 01:18
d35396e1-aacb-4cbf-a90c-b7214bcd97f4,nsc.review,premium,517.7,67.48,high,low,3,spaceship,,,29/09/2026 07:39
37134cfc-998b-4e51-9a4f-89261d42ac02,mvp.review,premium,517.7,67.48,high,medium,3,spaceship,,,28/09/2026 19:55
37b84952-7881-42a3-80ba-9ff97fd059fb,snatch.review,premium,640,77.35,high,low,6,namesilo,,,19/09/2026 14:54
76fa33c1-99bd-4082-b85e-b9633c4c9c13,sycophant.review,available,11.99,11.99,medium,low,9,namesilo,,,20/09/2026 15:34
198155d3-0568-4f29-b208-38297ac83e07,landscape.review,premium,1035.2,103.7,high,low,9,spaceship,,,28/09/2026 12:24
0d2856a9-39d8-485b-bdd0-12cf344b5e9f,roommate.review,premium,1107,116,high,medium,8,namesilo,,,09/09/2026 18:34
f37b736e-5155-4620-b929-15e358b48031,rink.review,premium,448,53.92,high,low,4,namesilo,,,01/10/2026 03:34
696ecab0-51ae-47e4-8a24-78ed5bd99885,foreshadow.review,premium,448,53.92,high,low,10,namesilo,,,21/09/2026 03:32
dd92ddc6-25a5-448d-8592-2a788f71bf9e,witting.review,available,11.99,11.99,medium,low,7,namesilo,,,12/08/2026 22:24
bfff0039-c0b8-4aff-8ccc-868b16160c59,hereby.review,premium,116,29.5,high,low,6,namesilo,,,15/09/2026 00:25
5cc4a4dd-98e4-454a-b4f0-5aa755f731cb,limpid.review,available,11.99,11.99,high,low,6,namesilo,,,13/08/2026 09:41
7ed9104a-9a12-46dc-8a66-fafee155b9a8,escape.review,premium,448,53.92,high,low,6,namesilo,,,24/09/2026 23:22
c2f587f4-c07e-4b16-9767-80342c9b0617,pimply.review,available,11.99,11.99,medium,low,6,namesilo,,,
6f98bf87-e6a7-4b87-a400-3d52088cda07,squashed.review,premium,640,77.35,medium,low,8,namesilo,,,10/09/2026 17:31
57544ba6-9100-498b-bfc7-0e3fb4417c0c,rasp.review,premium,448,53.92,medium,low,4,namesilo,,,19/09/2026 15:15
2d8bbb81-e88b-4e58-bec8-6ad7d35e6f6e,pliability.review,available,12.98,15.73,medium,low,10,namecheap,,,23/09/2026 07:42
27fe93ff-21dd-4b10-b18d-902335c37c0a,nottingham.review,premium,640,77.35,high,low,10,namesilo,,,26/09/2026 00:49
64182691-b07e-4dad-b57d-7ee403fc09e0,astrogator.review,available,12.98,15.73,medium,low,10,namecheap,,,20/09/2026 17:41
238fc9a4-e6e3-445c-999d-654cc4c81957,pareve.review,available,11.99,11.99,medium,low,6,namesilo,,,08/09/2026 01:25
2c8f026a-1900-4188-aa83-a4885bdb88e4,barracks.review,premium,546.35,71.48,medium,low,8,porkbun,,,28/09/2026 13:08
431b2a34-edf7-4834-a74f-80f35e6fe784,jesuit.review,premium,437.5,62.5,high,low,6,name.com,,,22/08/2026 13:03
958b8dd7-168f-4f2d-b1d7-d6a60dc89054,unexcited.review,available,11.99,11.99,medium,low,9,namesilo,,,12/09/2026 09:30
166e4d8f-549c-447e-a9f8-d8ed8d825761,firearms.review,premium,,,medium,low,8,,,,28/09/2026 22:59
9a7cb2b6-ba47-47cd-a687-bddac3b1322b,least.review,available,11.99,11.99,high,low,5,namesilo,,,25/09/2026 13:24
936dc7c8-de5d-45de-a0e2-6b162f07b857,usually.review,premium,546.35,71.48,medium,low,7,porkbun,,,28/09/2026 14:12
dc734390-f0c4-4fee-ab8f-ae3b18be4eb0,function.review,premium,103.7,26.08,high,low,8,spaceship,,,29/09/2026 20:12
999f9b14-9d51-41ed-ac6f-e8acacbcb5d3,hatless.review,available,11.99,11.99,medium,low,7,namesilo,,,21/08/2026 01:20
edca6e9c-013d-4d56-8d2d-5aca91e03b92,bounden.review,available,11.99,11.99,medium,low,7,namesilo,,,10/08/2026 21:56
40b90e1e-e597-4256-b48d-afba9a3c4071,ludlow.review,premium,362.45,51.95,medium,low,6,spaceship,,,27/09/2026 23:11
5752574e-04c0-474c-9d11-93e38af00cf4,shove.review,premium,103.7,26.08,high,low,5,spaceship,,,30/09/2026 11:14
e2e12fbd-ed2c-4090-87d9-dcc714e5270e,dyslexic.review,premium,437.5,62.5,medium,low,8,name.com,,,14/08/2026 22:03
b0759e99-4ea2-4dec-ba4e-1f7b139b4491,profound.review,premium,650,84.5,high,low,8,namecheap,,,27/09/2026 07:12
d97468d6-b0a3-4925-9cee-1946547d06dd,summertime.review,premium,1107,116,high,low,11,namesilo,,,18/09/2026 00:39
8d0a425c-038f-4acb-a451-f42840b12584,psychologist.review,premium,3450,116,high,low,12,namesilo,,,01/10/2026 00:51
263e4a74-4829-45af-8508-932e7b9aab2b,tigerish.review,available,11.99,11.99,medium,low,8,namesilo,,,11/09/2026 15:51
2c7639c6-2328-4398-9472-ec5fe5fb2737,arrester.review,available,11.99,11.99,medium,low,8,namesilo,,,20/09/2026 09:09
f5e7ff2f-62c0-429f-957b-e55fac5071a4,ics.review,premium,640,77.35,high,low,3,namesilo,,,28/09/2026 21:49
f8786b96-a545-4344-a759-c1e7f0f18a43,verbosely.review,available,11.99,11.99,medium,low,9,namesilo,,,15/09/2026 12:43
1137b9e2-8e0b-4a96-a0ee-a9187a1fe6a6,treble.review,premium,437.5,62.5,high,low,6,name.com,,,14/08/2026 16:41
3f4d8ebb-f604-43a4-850d-02437b68c7ac,unstable.review,premium,625,81.25,high,low,8,name.com,,,18/08/2026 09:17
a06afd59-cb8e-4b7c-a407-8f941097a850,pitiful.review,premium,625,81.25,medium,low,7,name.com,,,14/08/2026 02:27
5e3f0354-2bc5-42e8-b79e-2711e0f0441f,baluchi.review,available,11.99,11.99,medium,low,7,namesilo,,,21/09/2026 23:42
aa49a34a-0d19-4407-9b33-e5a361612ce9,arkansan.review,available,11.99,11.99,medium,low,8,namesilo,,,20/09/2026 06:11
5d2b214d-4d57-44d3-b158-0902d6b87765,nonlinear.review,available,11.99,11.99,high,low,9,namesilo,,,03/09/2026 19:44
c5e16f85-b5ff-4ece-a407-d05d6b5555ff,knit.review,premium,1035.2,103.7,high,low,4,spaceship,,,30/09/2026 02:06
69f5c3d7-0c04-4838-a0f1-a1686893f9aa,hoarfrost.review,available,11.99,11.99,medium,low,9,namesilo,,,21/08/2026 10:07
dc757165-6b9a-4698-92d7-f1322211f7d6,scientific.review,premium,3450,116,high,low,10,namesilo,,,30/09/2026 16:48
534b2fa7-f173-400c-ad43-906b756ef234,insanity.review,premium,650,84.5,high,low,8,namecheap,,,28/09/2026 02:09
ac4d5313-e317-4a9a-84d5-54300e3f3c30,grassless.review,available,12.98,15.73,medium,low,9,namecheap,,,20/08/2026 18:13
37c3b3d5-704f-45ba-8215-20328212871f,assignment.review,premium,1107,116,high,low,10,namesilo,,,19/09/2026 21:59
dda846cf-6357-4077-aaa4-27329d6cef91,cupcake.review,premium,650,84.5,high,low,7,namecheap,,,24/09/2026 20:16
ef664365-4d48-4745-b6c8-9c0c100ad0f9,seltzer.review,premium,448,53.92,high,low,7,namesilo,,,24/09/2026 12:47
c8b5aa49-f0bf-43e1-8ab5-bea68eefaee4,farmer.review,premium,1107,116,high,low,6,namesilo,,,08/09/2026 06:02
5b6cd192-ced3-4054-b668-525b0355d8cb,snuffling.review,available,11.99,11.99,high,medium,9,namesilo,,,10/09/2026 12:36
dc68ae19-4065-41a9-aae6-8d3b40c13fce,barthelme.review,available,11.99,11.99,medium,low,9,namesilo,,,22/09/2026 09:06
d9cdddc7-8a2f-4be8-ad9f-9c980cc1d27b,monatomic.review,available,11.99,11.99,medium,low,9,namesilo,,,25/08/2026 04:12
baa7b2f8-0993-4c0b-a70c-260f8bbf1e6f,tacitus.review,available,11.99,11.99,high,low,7,namesilo,,,29/09/2026 07:01
3363ffb9-7aa3-48c9-83b4-aff405dc46ef,waste.review,premium,1300,130,high,low,5,namecheap,,,22/09/2026 17:29
cab7af60-03ff-4c3b-9648-b0799562115e,thistle.review,premium,,,high,low,7,,,,01/10/2026 04:02
3b6e1db5-3ced-4008-a844-3593b1850bc1,clubhouse.review,premium,550,71.5,high,low,9,dynadot,,,29/09/2026 18:23
aaf9fc43-eb3e-417b-9b47-e35e90976eb2,bamberg.review,premium,103.7,26.08,medium,low,7,spaceship,,,30/09/2026 13:25
7488b292-7f4f-431b-8604-9a4835a8e491,mapped.review,premium,1107,116,medium,low,6,namesilo,,,30/09/2026 14:20
ab7ff5ca-f5c7-49f0-9e79-72fdb73ed98f,karla.review,premium,103.7,26.08,medium,low,5,spaceship,,,30/09/2026 13:19
b18d18cc-31a5-4aa8-b8f5-73ae16f231a2,ambitious.review,premium,1107,116,high,low,9,namesilo,,,22/09/2026 03:59
bc15d59c-90e5-40b8-8da8-564b8742ad41,heating.review,premium,640,77.35,high,low,7,namesilo,,,13/09/2026 08:24
cd4a4bfd-d0f1-4557-a2ac-b6d8a6bc4009,antigone.review,available,11.99,11.99,medium,low,8,namesilo,,,19/09/2026 14:26
963baf9b-4888-4362-916e-9fdcc7aad219,attacked.review,available,11.99,11.99,medium,low,8,namesilo,,,25/09/2026 20:43
17aedbad-fdf4-45c4-be7e-ccb7592c1c45,jogging.review,premium,1107,116,high,low,7,namesilo,,,30/09/2026 02:05
e071266b-ace0-4f1c-bb50-fdb0e2cb659e,glace.review,premium,437.5,62.5,medium,low,5,name.com,,,13/08/2026 09:46
df63ddd2-bf8f-48f8-a6ec-2d6c640b1bbe,brave.review,premium,650,84.5,high,medium,5,namecheap,,,22/09/2026 12:10
e727034e-562a-428c-a938-e5753e6476bc,grotesque.review,premium,437.5,62.5,medium,low,9,name.com,,,
6f8eb994-ddf2-4f35-bdd0-b72a130bff24,pauli.review,premium,362.45,51.95,high,low,5,spaceship,,,29/09/2026 07:50
5c777514-bed8-46f6-bc6b-42cb2da00b0a,ambages.review,available,11.99,11.99,medium,low,7,namesilo,,,18/09/2026 16:24
3967c1d2-570b-4567-bdd3-5c5ae00e5bfb,corinth.review,premium,,,high,low,7,,,,30/09/2026 16:47
d06804f5-83fa-4eea-8147-dd1d1d6289cf,prepares.review,available,10.53,10.53,medium,low,8,spaceship,,,30/09/2026 16:00
475b116b-ffdc-47ad-a24a-0f539e9ec567,bandoneon.review,available,12.98,15.73,medium,low,9,namecheap,,,22/09/2026 01:29
7b608d60-5a20-4334-a594-91f2093136da,acantha.review,premium,455,65,medium,low,7,namecheap,,,16/09/2026 20:38
77d069b1-208a-40c3-b7c5-0af6b27bea1c,dardan.review,available,12.98,15.73,medium,low,6,namecheap,,,11/09/2026 20:19
a1fa963e-b867-4c71-b505-dfa036b7794d,tagore.review,available,10.9,10.9,medium,low,6,dynadot,,,30/09/2026 02:38
9b6213bc-bb6c-4ab9-99b7-e4b63c415864,pow.review,premium,640,77.35,medium,low,3,namesilo,,,29/09/2026 01:52
2211a0e2-973f-4ae3-8c90-724e44f5a659,chattanooga.review,premium,362.45,51.95,high,low,11,spaceship,,,30/09/2026 21:04
a81a3555-df5f-448a-987c-8c7ef620d6d8,candle.review,premium,116,29.5,high,low,6,namesilo,,,29/09/2026 06:35
1cb346b4-a917-41b8-87e9-17fe99e9d099,blende.review,available,11.99,11.99,medium,low,6,namesilo,,,24/09/2026 05:43
bdeee792-80c6-4c45-9ee9-e7b34379f625,wolf.review,premium,1107,116,high,medium,4,namesilo,,,11/08/2026 07:08
2ef57659-a021-464a-a962-e2d9dad736a3,figured.review,available,11.99,11.99,high,low,7,namesilo,,,18/08/2026 04:00
54244910-ddfa-4a68-bcb6-8c417d1a9be4,baiting.review,available,12.98,15.73,medium,low,7,namecheap,,,21/09/2026 19:58
1bb5e229-3336-4f79-9575-e6eebf4c1733,spiritless.review,available,11.99,11.99,medium,low,10,namesilo,,,10/09/2026 15:54
7fb42991-596a-46d8-9c58-3cb489fd753a,obviously.review,premium,1107,116,high,low,9,namesilo,,,27/09/2026 03:52
1ffac9f2-edbe-468e-ac5d-c8b4b942313f,playback.review,premium,6900,116,high,low,8,namesilo,,,29/09/2026 13:42
9dca668c-da24-4ff8-9607-a4b7594eb096,informing.review,premium,3450,116,high,low,9,namesilo,,,30/09/2026 00:09
5c6edea0-9d82-4178-8431-27ccef673bf0,gods.review,premium,3125,,high,low,4,name.com,,,
97f367b0-b5d3-4938-b233-613c090e4bc4,basotho.review,available,11.99,11.99,medium,low,7,namesilo,,,22/09/2026 11:35
5104464b-525d-40c0-8d59-f477ad2f794c,chose.review,available,11.99,11.99,high,low,5,namesilo,,,30/09/2026 22:35
403ef368-910b-4daa-93fa-6a368873b418,goshawk.review,premium,455,65,medium,low,7,namecheap,,,16/09/2026 22:31
03df9353-17ff-4c1a-b8fb-19a0e6eec1ba,ponds.review,premium,448,53.92,medium,low,5,namesilo,,,18/09/2026 22:37
bd3f4518-be90-4ba1-be44-1fb9012a2297,jerk.review,premium,448,53.92,high,low,4,namesilo,,,25/09/2026 11:41
280e3810-e389-4bc5-af50-4abd628d2540,chinatown.review,premium,,,high,low,9,,,,28/09/2026 15:39
79e5bd1d-5c35-49e5-929f-1100b23c25ec,accretion.review,available,11.99,11.99,high,low,9,namesilo,,,16/09/2026 23:14
b4e0a378-16e1-42eb-bad5-4f1e918e174c,unite.review,premium,3450,116,high,low,5,namesilo,,,24/09/2026 16:23
3a30b5d3-cc61-4875-9f46-e520d459d2d1,breda.review,premium,362.45,51.95,medium,low,5,spaceship,,,30/09/2026 21:05
734094eb-8e77-4f57-b590-22559558c811,wilhelm.review,premium,455,65,high,low,7,namecheap,,,25/09/2026 18:53
a44801fa-cb77-48bb-b913-4b6e7653c07f,lynchpin.review,available,12.98,15.73,high,low,8,namecheap,,,21/09/2026 15:18
99f71ae0-7545-452c-ba7c-bf00af9b2f37,room.review,premium,1107,116,high,low,4,namesilo,,,28/09/2026 06:11
cf60ad97-851f-4f30-b5e2-132f19bcb0a5,mena.review,available,10.53,10.53,high,low,4,spaceship,,,29/09/2026 22:04
4bf926ed-186c-41d2-aa5c-9052d6e1c1d5,hagen.review,premium,362.45,51.95,high,low,5,spaceship,,,27/09/2026 20:14
b9625e84-3dbe-43a0-8361-70f13c0136ab,sameness.review,available,11.99,11.99,medium,low,8,namesilo,,,21/08/2026 15:12
02fd5b8b-890d-402c-b3c4-6037e4834428,spiraling.review,available,11.99,11.99,medium,low,9,namesilo,,,12/08/2026 16:12
fab7e68a-b16f-42f0-8c85-c6e161020628,immense.review,premium,1107,116,high,low,7,namesilo,,,25/09/2026 06:12
512a40a4-96a1-4ee1-9f63-500fa83ba34f,programming.review,premium,1035.2,103.7,high,low,11,spaceship,,,28/09/2026 12:38
597558a0-984d-4794-82a8-0cb59514df66,obscenely.review,available,11.99,11.99,medium,low,9,namesilo,,,15/09/2026 11:14
e25dce35-2c63-40a0-986d-27a9d8ca56fd,flattened.review,available,11.99,11.99,medium,low,9,namesilo,,,18/08/2026 06:55
a79f2cca-4a25-4b83-b1aa-d1f6d597a230,guinean.review,available,12.98,15.73,medium,low,7,namecheap,,,20/08/2026 20:52
4c957e0e-cdb0-467f-96f6-58ef67dd2c71,ayurveda.review,available,11.99,11.99,high,low,8,namesilo,,,21/09/2026 10:52
73a29186-dd2d-47f3-9802-3555a18e42ff,barnet.review,premium,362.45,51.95,medium,low,6,spaceship,,,28/09/2026 20:56
e457670d-9eb6-411d-a0fc-a22eabb204ef,souvenir.review,premium,1300,130,high,low,8,namecheap,,,29/09/2026 07:24
ea162198-13cf-41d2-a01b-f4e839147295,trebuchet.review,premium,448,53.92,medium,low,9,namesilo,,,20/09/2026 00:39
49813c48-658b-48f3-87f7-5932cac6855e,kato.review,premium,362.45,51.95,high,low,4,spaceship,,,29/09/2026 09:49
0c1cf24d-eb36-4095-aeb9-0c3792d68f63,sonya.review,premium,362.45,51.95,medium,low,5,spaceship,,,30/09/2026 04:43
661e39c0-1b38-468e-ba7e-427be5e5c39a,yong.review,premium,362.45,51.95,medium,low,4,spaceship,,,28/09/2026 16:51
1816f780-2e55-40a2-9a49-058a7b47ca79,bolshevik.review,available,12.98,15.73,high,low,9,namecheap,,,10/08/2026 17:50
d595bea1-9552-43d7-9901-2805dd67666d,greasy.review,premium,125,37.99,medium,low,6,name.com,,,20/08/2026 19:35
13de115a-b88b-46ce-8747-1f9a4ec3bc7c,pat.review,premium,640,77.35,high,low,3,namesilo,,,27/09/2026 03:00
d1b03d7a-e854-4818-93ea-d0f710165fc1,obliquity.review,available,12.98,15.73,medium,low,9,namecheap,,,20/09/2026 18:47
b22a7d38-8aa4-4d38-9ead-309c27dc1b18,stump.review,premium,448,53.92,medium,low,5,namesilo,,,18/09/2026 17:18
bc8ecab8-6cac-4c70-964f-ea8f450140c4,barkeeper.review,premium,448,53.92,medium,low,10,namesilo,,,22/09/2026 06:23
05790606-df7e-4e54-84b0-c80409780551,revealed.review,premium,103.7,26.08,high,low,8,spaceship,,,27/09/2026 22:35
e661161d-e60e-4883-aba0-10fd94205f87,afresh.review,premium,455,65,medium,low,6,namecheap,,,13/09/2026 18:01
8d0fd0de-0788-4814-ad7b-f492e4357844,exceptional.review,premium,650,84.5,high,low,11,namecheap,,,28/09/2026 11:15
12cf8bd0-6941-44c4-aac6-b952c5dc7e19,nancy.review,premium,448,53.92,medium,low,5,namesilo,,,25/09/2026 09:33
f89629d9-1b7e-45a9-aabb-d7258a248e4e,tainted.review,premium,640,77.35,medium,low,7,namesilo,,,11/09/2026 07:12
ce3416cc-9cff-4f2b-88fd-be2be7a7c331,plantal.review,available,11.99,11.99,medium,low,7,namesilo,,,08/09/2026 20:48
a40639aa-e2e2-418b-ae66-596244c735fc,inorganic.review,available,11.99,11.99,high,low,9,namesilo,,,22/08/2026 06:11
773695c8-e3cb-491a-aeb6-dca7a176d5f7,villages.review,premium,517.7,67.48,medium,low,8,spaceship,,,29/09/2026 05:32
69cab69a-4bb6-4e24-ae17-fefb410b8fda,mata.review,premium,385,55,medium,low,4,dynadot,,,28/09/2026 21:09
1e42db92-3929-4388-885d-da0eb89acea4,checkroom.review,premium,448,53.92,medium,low,9,namesilo,,,24/09/2026 14:04
ab800f67-f143-4d54-bc87-159e520fe4c4,castaway.review,premium,455,65,high,low,8,namecheap,,,04/09/2026 19:05
1a6be257-7249-40b9-a9c9-e099d44e9a4b,senefelder.review,available,11.99,11.99,medium,low,10,namesilo,,,18/09/2026 13:11
305dee72-a8da-4e10-b010-afafd6a3e2d4,rift.review,premium,,,high,low,4,,,,30/09/2026 01:35
884bc13a-d962-4d2d-9800-eae5dc19206d,abilene.review,premium,116,29.5,high,low,7,namesilo,,,16/09/2026 15:54
3d575062-f158-445b-b162-8a8f6bf13d61,anon.review,premium,13000,130,high,low,4,namecheap,,,13/09/2026 20:01
07ea6727-d3b2-4c7d-9502-238abf6ccf72,paramedics.review,premium,3250,130,medium,low,10,namecheap,,,30/09/2026 00:40
e417c79a-3378-4baa-8705-b7f1be200622,whole.review,premium,13800,116,high,low,5,namesilo,,,22/09/2026 00:29
68e83041-9758-4e38-ba29-6fc919958a60,freaking.review,premium,625,,medium,low,8,name.com,,,
f54b33f6-453b-42a9-a0e9-5d0a05d33b01,gunman.review,premium,517.7,67.48,medium,low,6,spaceship,,,01/10/2026 02:21
7c7f8713-743c-49c3-ac58-9e65304c6e1d,comforting.review,premium,116,29.5,high,low,10,namesilo,,,12/08/2026 03:43
1263f433-7861-43c7-b140-839c635ac70e,psalms.review,premium,448,53.92,high,low,6,namesilo,,,24/09/2026 07:04
817c8cbe-2e13-42d7-8b2d-219b9720465f,started.review,available,12.98,15.73,medium,low,7,namecheap,,,18/09/2026 11:27
cce045bc-6c89-4ee3-856c-78ee5ceba494,signatures.review,premium,,,medium,low,10,,,,28/09/2026 23:59
fc76c986-4353-48f6-b296-c72f62482b23,toulon.review,premium,103.7,26.08,medium,low,6,spaceship,,,28/09/2026 20:41
9de3a022-a3b0-4565-9f8e-ed60810609e1,pluses.review,available,11.99,11.99,medium,low,6,namesilo,,,21/09/2026 02:09
1e19f2a0-45c6-417c-ac31-02455a20de9e,jerking.review,premium,116,29.5,medium,low,7,namesilo,,,06/08/2026 21:58
29565792-2ca6-4923-a3e6-f891cb4f6851,clinging.review,available,10.53,10.53,medium,low,8,spaceship,,,30/09/2026 19:49
8021f34c-dc4e-4ad0-88c4-40afc96bb7d9,bpm.review,premium,640,77.35,high,low,3,namesilo,,,22/09/2026 21:53
e2245718-57b6-4c84-8879-3519bea287dc,miocene.review,available,11.99,11.99,high,low,7,namesilo,,,25/09/2026 23:43
242084eb-41c6-411a-bfca-6ba726b27142,gladly.review,premium,625,81.25,high,low,6,name.com,,,17/08/2026 20:47
472d2235-9539-4cca-8135-9a6d0adbc03a,fiducial.review,premium,437.5,62.5,medium,low,8,name.com,,,18/08/2026 03:40
88b9cfe3-d049-48e2-bb1d-bb5fc17a3d04,tonic.review,premium,116,29.5,high,low,5,namesilo,,,19/09/2026 16:01
1827b27b-22b5-4625-8777-39f76b62ebfa,likable.review,premium,1107,116,high,low,7,namesilo,,,23/08/2026 06:14
2962e6ba-71ff-430c-9680-e205f7eb7cc4,gott.review,premium,362.45,51.95,medium,low,4,spaceship,,,30/09/2026 04:43
aee729d4-ac03-4c7d-a6c7-98c3b2ce4b2c,annotating.review,available,11.99,11.99,medium,low,10,namesilo,,,19/09/2026 10:41
dbb13c60-a13a-4831-9083-cb4e5f76394c,anguilla.review,available,11.99,11.99,high,high,8,namesilo,,,19/09/2026 07:26
85d84df2-9642-4cd7-9300-d88111275f3f,horror.review,premium,3450,116,high,low,6,namesilo,,,27/09/2026 14:08
b28b7a0b-f601-4c5a-9632-6e61b1ec1b80,pba.review,premium,650,84.5,high,low,3,namecheap,,,29/09/2026 14:26
687c30de-f4c7-454b-9485-51c9883c3115,briary.review,available,11.99,11.99,medium,low,6,namesilo,,,08/08/2026 17:02
1c64ad44-5a34-426d-9245-61a86e71bc1f,carbon.review,premium,13800,116,high,medium,6,namesilo,,,20/09/2026 23:21
20eb0d05-b726-48c5-9a7c-a125b0e7c4a0,outsize.review,available,12.98,15.73,high,low,7,namecheap,,,04/09/2026 19:38
a236117a-fe60-4fb8-a614-582932c90445,sirach.review,available,11.99,11.99,medium,low,6,namesilo,,,23/09/2026 07:34
ecedc25b-b6b7-4e92-b1a6-b6b07d9e047c,roadblock.review,premium,448,53.92,medium,low,9,namesilo,,,22/09/2026 08:30
eb533a5e-9b0f-47ee-ae34-f0b39e7648b1,chelsea.review,premium,650,84.5,high,low,7,namecheap,,,25/09/2026 14:48
011ae670-da2e-4671-9836-5acf4eac6bb8,scranton.review,available,11.99,11.99,medium,low,8,namesilo,,,26/09/2026 00:14
dac47fb9-cb7f-4e80-bb9f-cc0ddf3a1193,impelling.review,available,11.99,11.99,medium,low,9,namesilo,,,21/08/2026 22:04
5d76d78c-0847-4de7-b8e5-5182b8459c90,westward.review,premium,437.5,62.5,medium,low,8,name.com,,,13/09/2026 10:55
7893e983-06e9-4453-982e-b794f2af7413,florentine.review,premium,437.5,62.5,high,low,10,name.com,,,18/08/2026 08:58
a9f2f7d7-f02d-4a4e-9e63-366325905902,crackpot.review,premium,640,77.35,medium,low,8,namesilo,,,10/09/2026 00:10
3b48a8ee-619c-4083-9291-ca3ed7137c2a,gusto.review,premium,448,53.92,high,low,5,namesilo,,,29/09/2026 21:46
bac966f4-9ddf-4f36-ad1e-66deb1df889d,pinnated.review,available,12.98,15.73,high,medium,8,namecheap,,,08/09/2026 19:49
f57e975b-6a38-497a-bccd-a5df345a21e5,capsular.review,available,11.99,11.99,medium,low,8,namesilo,,,08/09/2026 04:10
fba26168-ff18-4dc8-849c-0be8078117c2,uncanny.review,premium,625,81.25,high,low,7,name.com,,,16/08/2026 02:23
e8c0fe06-ae4c-46cf-8217-b2ae6808dfd3,acrogen.review,available,12.98,15.73,medium,low,7,namecheap,,,17/09/2026 03:44
3830927b-20f9-4fd1-99e9-dd25960d3fb1,annapolis.review,premium,448,53.92,medium,low,9,namesilo,,,19/09/2026 10:10
a88061a5-8577-4ea2-a1a5-53e6fa73309f,strain.review,premium,1035.2,103.7,medium,low,6,spaceship,,,29/09/2026 22:58
44a439b0-3ce7-44a1-b475-c73e3aa7fc17,nasdaq.review,premium,448,53.92,high,low,6,namesilo,,,28/09/2026 02:27
3ed6b2bf-b249-4239-8e24-160f23c12c46,iodine.review,premium,116,29.5,high,low,6,namesilo,,,21/08/2026 17:24
b49fdbc5-2b6e-4f62-9f02-64682ba79a40,volumes.review,premium,130,32.5,medium,low,7,namecheap,,,29/09/2026 17:06
c7e7aecc-7751-4192-abe5-0a36d846bd6a,climbs.review,premium,362.45,51.95,medium,low,6,spaceship,,,30/09/2026 15:59
5d7eac12-7bf0-401a-af2d-d425f973f3f2,cryonic.review,available,11.99,11.99,medium,low,7,namesilo,,,13/08/2026 09:37
7604c91f-7edc-4ade-a90e-3794a6b9a329,infancy.review,available,11.99,11.99,high,low,7,namesilo,,,21/09/2026 13:47
2b49cb57-c0d8-4214-93bb-8ce531b0ec58,panadol.review,premium,448,53.92,high,low,7,namesilo,,,16/09/2026 23:53
b200f3a2-05c8-4002-b7a1-9354648d0bd9,giles.review,premium,362.45,51.95,medium,low,5,spaceship,,,30/09/2026 04:47
d9df73ee-09d5-4568-a826-ecedefb1a00a,triumphal.review,available,12.98,15.73,high,low,9,namecheap,,,17/08/2026 19:54
37e8c690-216f-4ab9-8211-e4166a65bc01,intelligent.review,premium,3450,116,high,low,11,namesilo,,,30/09/2026 23:27
332bb0f8-2e8c-425c-8609-c63a1b249190,bette.review,premium,,,medium,low,5,,,,29/09/2026 15:28
583716db-394e-4388-a2a2-dfe71a7e0ccf,cosmos.review,premium,1035.2,103.7,high,medium,6,spaceship,,,28/09/2026 10:55
f333628f-0dae-4070-87f4-9f99fd8486ac,fellowship.review,premium,1092.18,109.69,high,low,10,porkbun,,,28/09/2026 09:26
a5cb612a-746c-4982-8fc5-e65bdb759587,fiedler.review,available,11.99,11.99,high,low,7,namesilo,,,20/09/2026 10:50
21dab673-8a1a-4bd8-ad7f-7264402a178c,baruch.review,available,12.98,15.73,medium,low,6,namecheap,,,22/09/2026 09:33
5c6503e7-3fe3-4c8f-907a-ff432a5975d3,stunningly.review,available,11.99,11.99,medium,low,10,namesilo,,,16/09/2026 06:09
01d00680-b5ab-45d6-a498-4bb37e9fa501,leuven.review,available,10.79,10.79,medium,low,6,porkbun,,,29/09/2026 15:09
2fb47b7d-c664-4a3c-a47e-5fbf15654608,ailurus.review,available,12.98,15.73,medium,low,7,namecheap,,,17/09/2026 21:19
2221948e-0a43-49df-959c-e5661e13bf0f,oldline.review,premium,448,53.92,medium,low,7,namesilo,,,04/09/2026 01:51
a481b898-3003-4fe5-a674-7f5a5020505c,botany.review,premium,362.45,51.95,high,low,6,spaceship,,,01/10/2026 02:32
b239b4cc-3436-4cc4-9e12-86aebd03f80d,academics.review,available,10.53,10.53,high,low,9,spaceship,,,01/10/2026 03:36
598228bf-5ed0-42de-87c1-b9be8b0497b4,octal.review,premium,448,53.92,medium,low,5,namesilo,,,04/09/2026 00:39
720c0f61-0b7a-4a1c-9503-126a9aeae5a9,musty.review,available,11.99,11.99,medium,low,5,namesilo,,,18/08/2026 16:44
3afe1e0a-2745-4630-8605-32405a11d138,gari.review,premium,448,53.92,high,low,4,namesilo,,,23/09/2026 22:55
c511e531-e81b-4b82-8ec3-7f8f37f89df8,sacred.review,premium,1107,116,high,low,6,namesilo,,,24/09/2026 23:19
b03501a9-120a-4440-8c5e-65a074cb05ba,clipped.review,premium,116,29.5,high,low,7,namesilo,,,12/08/2026 11:16
f87480a6-65e6-4ad0-aa89-4b7c7a8fb938,centennial.review,premium,437.5,62.5,high,low,10,name.com,,,11/08/2026 23:53
94440251-8728-496a-91c2-13182c59b09d,asynergy.review,available,12.98,15.73,medium,low,8,namecheap,,,20/09/2026 18:52
ea555bce-3a04-4430-8223-a8e379e183b7,shanxi.review,available,11.99,11.99,high,low,6,namesilo,,,30/09/2026 13:24
8a9a871d-7d6f-493b-8afc-3b58e45bdc10,whitish.review,available,11.99,11.99,medium,low,7,namesilo,,,24/08/2026 23:06
1006dfb2-7583-4a99-8868-05896cd0d72b,sections.review,premium,517.7,67.48,medium,low,8,spaceship,,,29/09/2026 05:14
27997a4c-ecae-48f9-8b93-8c1bcfb3dfc1,zionist.review,available,11.99,11.99,high,low,7,namesilo,,,13/09/2026 15:21
5e75678d-3745-4c66-b9c0-d8ccca4536aa,bret.review,premium,448,53.92,medium,low,4,namesilo,,,29/09/2026 03:55
f8ad0f9a-1ec9-45d3-886e-fc118203ac98,champ.review,premium,437.5,62.5,high,low,5,name.com,,,12/08/2026 01:35
1ee81917-9ab5-4ddf-a8ac-6a9d4efc1d96,keyboards.review,available,11.99,11.99,medium,low,9,namesilo,,,20/09/2026 13:46
a4e40edb-91b2-4578-b120-d30fa0ed28be,toothy.review,available,11.99,11.99,medium,low,6,namesilo,,,11/09/2026 17:20
60896c47-db3e-4e6d-b967-7dc79536be48,shoddy.review,premium,625,81.25,medium,low,6,name.com,,,12/08/2026 03:27
c76cd88c-cfa2-4158-bd6a-a89f29801d88,surrogate.review,premium,1107,116,high,low,9,namesilo,,,22/09/2026 02:27
93d88b69-d690-48ef-b42b-3a796b795864,coming.review,premium,448,53.92,high,low,6,namesilo,,,23/09/2026 15:31
089143e0-b0f2-4bad-aede-2d601fd17fe0,wondered.review,available,11.99,11.99,high,low,8,namesilo,,,
bac11b8b-56ad-4757-8d7d-76d7b4c3c0e6,subtitles.review,premium,517.7,67.48,medium,low,9,spaceship,,,28/09/2026 18:07
9ee90ce7-2912-457a-b7c3-69c7c5873997,levels.review,premium,448,53.92,high,medium,6,namesilo,,,27/09/2026 11:07
93e80097-9e55-406f-9a57-f9af148783e2,nearby.review,premium,640,77.35,high,low,6,namesilo,,,03/09/2026 14:32
f68d7c00-006b-4ee6-9f4b-6ef7de14f227,balky.review,available,11.99,11.99,medium,low,5,namesilo,,,08/08/2026 09:55
77526a47-323d-4dc9-bc86-a590782c6a37,ufo.review,premium,640,77.35,high,medium,3,namesilo,,,30/09/2026 09:41
ad622941-7b4b-47b1-a4c1-1cc8614bf272,tubed.review,available,12.98,15.73,medium,low,5,namecheap,,,11/09/2026 20:56
8acb5ea1-5b28-4ccd-9148-a2c5d53f837b,corporate.review,premium,6900,116,high,low,9,namesilo,,,01/10/2026 02:28
f89a1d41-b50f-47b9-922c-6aeeb66c1e09,abide.review,premium,382.61,55.11,high,low,5,porkbun,,,29/09/2026 04:34
73ce56b7-b175-4c18-929c-4d39b4e1033b,blaeberry.review,available,11.99,11.99,medium,low,9,namesilo,,,23/09/2026 15:39
24315e8e-a72f-457b-83a0-c7fca947e492,muskegon.review,premium,103.7,26.08,medium,low,8,spaceship,,,29/09/2026 10:06
371e1c47-19d9-4780-86ea-776ad4c0de88,relocation.review,premium,1092.18,109.69,high,low,10,porkbun,,,29/09/2026 13:46
7ae0b27b-b1a2-4ebd-b9ae-80ef684d3fbd,couple.review,premium,1035.2,103.7,high,low,6,spaceship,,,29/09/2026 11:48
255826e1-3f86-47ae-98bd-798b1fd84b1b,uncultured.review,available,11.99,11.99,medium,low,10,namesilo,,,12/09/2026 06:38
273f7d59-b300-4434-bfe4-eb2fe8bd8b2e,arenaria.review,premium,448,53.92,medium,low,8,namesilo,,,20/09/2026 03:39
9e0f375b-07dd-451f-ad62-07f26fab72a3,fatality.review,available,19.99,39.99,medium,low,8,godaddy,,,30/09/2026 01:36
d2e1b778-c4d2-4100-91bd-fd9106d5c8f0,cavity.review,premium,,,medium,low,6,,,,28/09/2026 13:34
9085f6a7-c6b0-4c80-95c0-37e242a3fd73,subsequent.review,premium,116,29.5,high,low,10,namesilo,,,11/09/2026 00:44
53126fc3-5d71-4763-ae44-90ac49ff5843,rarely.review,premium,116,29.5,medium,low,6,namesilo,,,15/09/2026 22:32
27d33f69-d76d-4296-bc75-13b2c6395be9,unprompted.review,available,11.99,11.99,medium,low,10,namesilo,,,21/08/2026 23:28
bef5278b-5804-4a9e-9dc1-09bc81196b9f,basic.review,premium,3250,130,high,low,5,namecheap,,,22/09/2026 17:57
8319fde3-5ffc-4295-a93e-59cff4242e53,shucks.review,available,34.99,37.99,medium,low,6,name.com,,,13/08/2026 16:16
9cbe61ac-d1bd-44f9-9917-4e3afed744a0,polytonal.review,available,11.99,11.99,medium,low,9,namesilo,,,08/09/2026 23:33
9ec26c00-3e9b-4f58-a9c0-6678d0674b50,peppy.review,available,11.99,11.99,high,low,5,namesilo,,,08/09/2026 15:44
5310cbfc-1288-4f1a-a854-62a51ebf1ae4,tighten.review,premium,448,53.92,high,low,7,namesilo,,,29/09/2026 14:16
730047b6-039b-42ae-88fe-479ffafb48ca,tutorial.review,premium,3250,130,high,low,8,namecheap,,,11/09/2026 21:31
9946db95-812c-44be-909b-a2fc176a151c,dismal.review,premium,116,29.5,medium,low,6,namesilo,,,14/08/2026 11:38
f2dcef24-e43a-4998-a1fd-20844235402c,withal.review,available,12.98,15.73,medium,low,6,namecheap,,,13/09/2026 18:51
1f7292ba-48de-4cb8-9abc-e6acb1be2ffe,pickles.review,premium,455,65,medium,low,7,namecheap,,,30/09/2026 12:43
e3dd56ca-131a-4e69-8364-e5625071a99b,birthplace.review,available,12.98,15.73,high,low,10,namecheap,,,23/09/2026 21:18
305a1899-da15-4306-9772-807143b7726c,floored.review,premium,437.5,62.5,medium,low,7,name.com,,,18/08/2026 08:49
e0d18df3-b72d-4627-8820-8cc16345380d,beda.review,premium,448,53.92,high,low,4,namesilo,,,21/09/2026 17:20
361a830f-9e33-48f8-a03d-95cc25201de2,unquestionable.review,available,15.73,,medium,low,14,namecheap,,,
2e025ef1-7953-49fe-bd8c-a3429f9942f6,segmental.review,available,11.99,11.99,medium,low,9,namesilo,,,24/08/2026 21:41
a771b585-6930-4d60-8756-3889d06b8f6a,muddled.review,available,11.99,11.99,medium,low,7,namesilo,,,03/09/2026 10:22
699575fb-0a08-4205-af14-8838a04f54d7,bsarch.review,available,11.99,11.99,medium,low,6,namesilo,,,21/09/2026 14:16
36c867fd-fdb9-4a0e-b56d-728b0a8c995d,muntjac.review,available,11.99,11.99,medium,low,7,namesilo,,,22/09/2026 06:28
2584af31-29c3-4451-b4f1-3c52108335e4,guadalupe.review,premium,116,29.5,medium,low,9,namesilo,,,25/09/2026 15:36
296aad14-fc59-4191-a502-ecc73b2206e7,cupboards.review,available,11.99,11.99,medium,low,9,namesilo,,,20/09/2026 06:12
d17be25c-e997-4de4-b449-fe971c90291a,insightful.review,premium,1107,116,high,low,10,namesilo,,,22/08/2026 07:06
61776dbc-2790-4130-8b18-d0cdcad7888f,peace.review,premium,2750,110,high,medium,5,dynadot,,,28/09/2026 22:50
f2bbc170-0397-4f32-8c44-32d3091f6cde,printmaking.review,available,10.9,10.9,high,low,11,dynadot,,,30/09/2026 14:30
1ba4e1ef-cc08-4e8b-b4d3-46da7ec4fe75,suppertime.review,available,11.99,11.99,high,low,10,namesilo,,,24/09/2026 22:23
41686ba7-4eaa-49b9-b1f2-a415cff0cf66,traction.review,premium,116,29.5,high,low,8,namesilo,,,28/09/2026 18:33
f1319bdc-fb25-4bc7-9df9-44b34be8e107,blew.review,available,12.98,15.73,medium,low,4,namecheap,,,25/09/2026 11:11
7b1007ef-d354-453a-8775-6c10b7ceadad,subscription.review,premium,1107,116,high,low,12,namesilo,,,29/09/2026 04:41
c6a7600c-3009-4120-b882-2de533aa458c,davie.review,premium,448,53.92,high,low,5,namesilo,,,29/09/2026 22:14
54fedd5d-e8e4-4ade-a42a-6f4e9b85997a,elf.review,premium,650,84.5,high,low,3,namecheap,,,28/09/2026 13:59
f7c8b0aa-f0b2-4eca-8627-b57ef4b0933c,tiro.review,premium,448,53.92,medium,low,4,namesilo,,,23/09/2026 02:28
16d79f09-e0c8-4522-be40-7f67e8ce9e10,hiroshi.review,available,12.98,15.73,medium,low,7,namecheap,,,29/09/2026 15:38
89bbd6b1-d128-49e3-807e-8923ddb965c2,lid.review,premium,640,77.35,high,low,3,namesilo,,,24/09/2026 13:43
fdce8485-a0fc-45c7-880f-fb1917369129,betrothed.review,available,12.98,15.73,high,low,9,namecheap,,,09/08/2026 18:07
ba9e8cf0-1e9b-4637-8ba3-24d658625830,retro.review,premium,3450,116,high,medium,5,namesilo,,,24/09/2026 15:44
3e0b3542-5563-45b2-9c1e-ce02ddbf52a1,fleet.review,premium,3250,130,high,high,5,namecheap,,,24/09/2026 19:57
94cb80c0-4509-4af1-a758-c334d2a11e96,sensibility.review,premium,448,53.92,high,low,11,namesilo,,,30/09/2026 22:27
5093f14a-dfe9-41db-ad8c-286ecd211d03,dabbler.review,available,11.99,11.99,medium,low,7,namesilo,,,14/08/2026 07:42
da629a04-6444-4bd1-90b4-1bc276d1c9f9,merciful.review,premium,625,81.25,high,low,8,name.com,,,24/08/2026 20:34
dafec050-9640-410c-9afa-bece5eba9bdc,observatory.review,available,10.9,10.9,high,low,11,dynadot,,,29/09/2026 08:28
2abb5b90-eebb-491a-8a94-f563c667fee0,yoon.review,premium,,,high,low,4,,,,30/09/2026 12:42
3e3f3639-efe0-40e2-8f56-bee9ff75c576,sideline.review,premium,448,53.92,high,low,8,namesilo,,,21/09/2026 09:42
16fa252a-c48a-4195-85ff-21f118c032d2,explosions.review,premium,1035.2,103.7,low,low,10,spaceship,,,28/09/2026 23:40
3ff827a8-0471-4923-806d-a2bc38cd4a7f,ebola.review,premium,2587.7,103.7,medium,low,5,spaceship,,,30/09/2026 17:06
01a0ae12-09cf-48c8-9b11-796d580a4ef4,reid.review,premium,448,53.92,high,low,4,namesilo,,,25/09/2026 10:17
ea04b065-9ce2-401e-8a2a-9328b9a75c21,crashing.review,premium,103.7,26.08,medium,low,8,spaceship,,,28/09/2026 11:33
bc379054-ce28-4748-8d1d-97969281ecd6,unheaded.review,available,11.99,11.99,medium,low,8,namesilo,,,12/09/2026 12:06
4477f4d9-e4e3-464e-9d59-63db9e05d2a8,badly.review,premium,640,77.35,medium,low,5,namesilo,,,22/09/2026 16:07
195df059-7dd5-4c14-8889-5b06425e115c,erotic.review,premium,3125,125,high,low,6,name.com,,,17/08/2026 12:42
a19f889d-f395-4530-affe-c9f20206a3d2,dorothea.review,premium,448,53.92,medium,low,8,namesilo,,,28/09/2026 07:54
3d938285-315d-4321-b6a0-99f71154e0d5,thirteen.review,premium,448,53.92,high,low,8,namesilo,,,21/09/2026 11:32
4efd8c26-b9e6-4e1a-a54d-f635ac7b61f9,temperate.review,available,11.99,11.99,high,low,9,namesilo,,,11/09/2026 10:48
9f4f7b1b-32f6-485c-89dd-52c6d3c09be2,court.review,premium,5500,110,high,low,5,dynadot,,,27/09/2026 16:05
2ceb18c5-21b0-47d1-b81a-8ec0659c7a47,broke.review,available,11.99,11.99,high,low,5,namesilo,,,23/09/2026 09:49
36f1bdce-3666-4962-827a-2aa1afd2758e,pompom.review,premium,437.5,62.5,medium,low,7,name.com,,,
61d5910b-6758-4f7d-8732-aeaf92d937b5,checked.review,premium,625,81.25,high,low,7,name.com,,,12/08/2026 03:36
8632a558-7558-479b-8319-c9561586855e,scribble.review,premium,130,32.5,high,low,8,namecheap,,,24/09/2026 11:35
579950c1-ab72-4a53-b134-3d4e2d471836,primal.review,premium,1250,125,high,low,6,name.com,,,11/08/2026 18:56
d729c241-442b-4331-906c-5ef00898d1b9,vainly.review,available,11.99,11.99,medium,low,6,namesilo,,,15/09/2026 07:33
644eff57-8439-4349-9439-8b67a5171bd6,hateful.review,premium,625,81.25,medium,low,7,name.com,,,21/08/2026 01:18
353c77f6-1b92-4606-88cf-1832fc840694,missions.review,premium,,,medium,low,8,,,,28/09/2026 23:16
b7589cde-fa95-4c89-a974-2f0aced3b3ed,notwithstanding.review,available,11.99,11.99,medium,low,15,namesilo,,,
f1eb7728-fd95-40c7-bd25-d2b2ed7c40fb,samples.review,premium,3250,130,medium,low,7,namecheap,,,20/09/2026 18:39
68cf0aca-fd36-4e27-a5b9-6fb8f72f3bfe,mistake.review,premium,116,29.5,high,low,7,namesilo,,,25/09/2026 05:40
8c391702-b3d4-4b14-ab40-e8439a9af2eb,kobe.review,premium,,,high,low,4,,,,28/09/2026 02:14
4d96fe91-a297-40c2-9378-bce198862119,banked.review,available,11.99,11.99,medium,low,6,namesilo,,,
9698447b-efdd-485d-9ff2-c4a15f05d49b,rosen.review,premium,448,53.92,medium,low,5,namesilo,,,26/09/2026 03:15
aa04a3a1-2e9f-45ce-b30d-cbc76008e31f,rummy.review,premium,437.5,62.5,high,low,5,name.com,,,13/08/2026 11:16
a3cf1e28-afb2-4ab1-a81f-bfa89866c2b8,shaggy.review,premium,625,81.25,medium,low,6,name.com,,,11/08/2026 11:17
41da032d-80da-4b62-896c-52c0ed477c01,excluded.review,available,10.79,10.79,low,low,8,porkbun,,,30/09/2026 06:16
40918883-088e-400b-9297-f307f7f27fd9,nutty.review,premium,116,29.5,high,low,5,namesilo,,,06/08/2026 21:27
6ebc5733-47fc-4cbf-b9c6-824498a5e038,kidd.review,premium,448,53.92,high,low,4,namesilo,,,28/09/2026 01:23
f299d472-5ea6-4a83-aa41-8c1f8bba9295,varying.review,available,11.99,11.99,high,low,7,namesilo,,,13/09/2026 01:31
b5b36e42-f5dd-46a9-9c0d-fbaaf51dbf20,womb.review,premium,,,high,low,4,,,,28/09/2026 20:42
85069215-6687-4da8-aaa7-13768b23460d,aix.review,premium,640,77.35,high,medium,3,namesilo,,,17/09/2026 23:30
c93fde7e-b14c-4192-8abd-24f0aa17cb36,suggest.review,premium,1107,116,high,low,7,namesilo,,,29/09/2026 22:49
eaa9ccb5-a9db-468e-b5c0-0576436067c0,manque.review,available,11.99,11.99,medium,low,6,namesilo,,,24/08/2026 15:28
463dfc7c-7a79-49d0-bd90-60355e14747c,despite.review,premium,385,55,high,low,7,dynadot,,,29/09/2026 11:22
8384992b-f5f5-439c-8753-c74d8a952a30,superbug.review,premium,455,65,medium,low,8,namecheap,,,23/09/2026 07:17
2db5a11f-04cf-48e3-9694-24659c5897ed,hexed.review,available,11.99,11.99,medium,low,5,namesilo,,,21/08/2026 07:51
6536b965-3f2d-4fae-b5c4-c171fa9e1bfe,divas.review,premium,448,53.92,medium,low,5,namesilo,,,20/09/2026 06:21
bdc276bf-d1af-450e-b473-e98e71ce0d56,indignant.review,premium,437.5,62.5,medium,low,9,name.com,,,22/08/2026 00:59
2228ec45-c3b2-4534-a6a7-896f7b20747f,inspiration.review,premium,116,29.5,high,low,11,namesilo,,,
0da9e7d9-9992-4d14-896e-5456e79feafb,participate.review,premium,116,29.5,high,low,11,namesilo,,,28/09/2026 07:01
fec32b12-9aa2-4c3f-a51a-3610084c2030,charisma.review,premium,546.35,71.48,high,low,8,porkbun,,,01/10/2026 01:20
5103b823-2fa3-4b37-ac15-2b02bd62d254,woolley.review,available,10.53,10.53,medium,low,7,spaceship,,,29/09/2026 20:22
c2a50677-2fc0-45c1-9c33-8abe763b10b3,airflow.review,premium,130,32.5,high,low,7,namecheap,,,17/09/2026 22:13
cabf485d-225c-4f7f-a1f1-d136fef9c552,funding.review,premium,1107,116,high,low,7,namesilo,,,28/09/2026 14:11
d554c009-d328-4059-99fd-a8e178f94db3,swingy.review,available,11.99,11.99,medium,low,6,namesilo,,,23/08/2026 09:29
0a556dd2-f0ca-4a99-85f1-49ca762b458f,attained.review,available,11.99,11.99,medium,low,8,namesilo,,,07/08/2026 15:07
10ebf879-986d-463f-a047-3c01e67982f6,tyre.review,available,10.53,10.53,high,low,4,spaceship,,,29/09/2026 08:11
07d95472-4d92-4cc4-a8c5-798fe4abe7b2,norwegian.review,premium,640,77.35,high,low,9,namesilo,,,25/09/2026 23:14
dbb2348f-3d9c-430c-a9f7-5ad83f89cb69,absolution.review,premium,455,65,high,low,10,namecheap,,,16/09/2026 17:57
cbbea645-cf76-4895-956a-e17fc6814b32,concentrated.review,premium,625,,high,low,12,name.com,,,
c11b2fa8-ddca-4685-9b86-9d09aed20c85,insecure.review,premium,1107,116,high,low,8,namesilo,,,22/08/2026 06:42
7c3ab225-28fe-4dff-a394-8a0ee025607e,tatty.review,premium,437.5,62.5,medium,low,5,name.com,,,18/08/2026 06:42
48364ae3-d352-4579-800d-1c8cd5ebd04b,madeleine.review,premium,448,53.92,high,low,9,namesilo,,,29/09/2026 14:18
c0e6a8cb-272d-428c-a277-1de741fdab1c,aft.review,premium,625,81.25,high,low,3,name.com,,,
1e824d42-bd9e-44e1-9404-2d4d643a930f,barton.review,premium,382.61,55.11,high,low,6,porkbun,,,28/09/2026 11:33
f19ecd35-fdb3-456a-b5dc-546343ebe251,kirchner.review,available,10.53,10.53,medium,low,8,spaceship,,,30/09/2026 09:34
a98d7e4d-a4e0-4339-af7b-7ab01401bf36,cip.review,premium,517.7,67.48,high,low,3,spaceship,,,30/09/2026 21:07
3581d109-a562-46e8-941e-eda0d3414629,ttyl.review,premium,437.5,,medium,low,4,name.com,,,
af8115f2-8717-4a7d-81ab-985c9e70ded3,objectively.review,available,11.99,11.99,high,low,11,namesilo,,,
19ce1993-b79b-480c-9c2f-4984ca0230c8,sparked.review,premium,448,53.92,high,low,7,namesilo,,,30/09/2026 04:13
05662e93-1dce-4707-a533-615303d32514,cycling.review,premium,3250,130,high,low,7,namecheap,,,24/09/2026 20:45
42b364eb-2fff-478e-aa30-99131ee333ed,preventive.review,premium,448,53.92,high,low,10,namesilo,,,23/09/2026 22:24
e505f6f7-a240-49f0-8368-f424aac2a6ee,chan.review,premium,640,77.35,high,low,4,namesilo,,,25/09/2026 11:12
4ce32d03-54d7-484c-bb10-00fdcdc4484e,hanger.review,premium,546.35,71.48,high,low,6,porkbun,,,29/09/2026 22:02
35355887-6e34-4658-b262-3fa0277aed49,beau.review,premium,1250,125,high,low,4,name.com,,,13/08/2026 17:13
f423fedc-6f13-4264-8f00-10ec54459cb2,colo.review,premium,362.45,51.95,medium,low,4,spaceship,,,30/09/2026 06:13
a407843a-5fbc-4d77-8742-f6d117fb103c,forged.review,premium,625,81.25,high,low,6,name.com,,,18/08/2026 11:54
285f5d9d-c6e2-420a-9cc9-b3d856455a7b,bankers.review,premium,13000,130,medium,low,7,namecheap,,,20/09/2026 11:37
e67587e5-0bf4-4881-a49c-dddccf473b85,unlikable.review,available,11.99,11.99,medium,low,9,namesilo,,,12/09/2026 00:58
a286b936-31df-4e30-aeb7-0be214bc3aca,dio.review,premium,650,84.5,high,low,3,namecheap,,,29/09/2026 09:47
219af020-a027-4057-9ca6-fdd343fa4026,over.review,premium,1300,130,high,low,4,namecheap,,,22/09/2026 00:56
8598e9c9-317d-4605-aa0e-be8bce634572,kaye.review,premium,362.45,51.95,high,low,4,spaceship,,,28/09/2026 04:47
24b0c5bd-5ce3-49f2-ad3b-069418efb8ad,instantly.review,premium,6500,130,medium,low,9,namecheap,,,10/09/2026 21:29
00881ea7-c4cc-4569-81ab-5c503db3e376,laden.review,premium,437.5,62.5,medium,low,5,name.com,,,22/08/2026 18:30
2f1f4b43-9516-4fd6-8b4a-329b00d20f5e,joanna.review,premium,448,53.92,high,low,6,namesilo,,,25/09/2026 11:35
b7840ff2-b0b4-4fe2-8ecd-ad018336b48d,scott.review,premium,448,53.92,high,medium,5,namesilo,,,25/09/2026 05:00
de07ff31-bd3a-4dbd-9167-58f7f8885b9b,advert.review,premium,362.45,51.95,high,low,6,spaceship,,,28/09/2026 11:46
556a9fcc-1652-40c9-afd8-4aa72e1b9a66,heartfelt.review,premium,437.5,62.5,high,low,9,name.com,,,21/08/2026 02:11
fd5121d9-b13b-4f47-b698-5d8126f254c8,newman.review,premium,448,53.92,high,low,6,namesilo,,,25/09/2026 03:58
607299fd-abbb-4270-ba99-5e606ba97425,issa.review,premium,362.45,51.95,high,low,4,spaceship,,,30/09/2026 20:12
8d79f260-d375-484d-8d98-fee929af1a52,knotty.review,available,11.99,11.99,medium,low,6,namesilo,,,08/08/2026 08:12
96487f5c-9ff9-4783-8726-199554df8b5c,bailey.review,premium,130,32.5,high,low,6,namecheap,,,21/09/2026 19:05
08203d60-304f-4093-9051-78a5aa00f9ce,auxin.review,available,12.98,15.73,medium,low,5,namecheap,,,21/09/2026 08:33
0d8f1ffd-5cdd-494e-88d4-fb5f470c0996,beating.review,available,10.53,10.53,high,low,7,spaceship,,,28/09/2026 10:26
447c23d5-83a4-4c13-bd9a-4ce92fd0e69d,esthete.review,available,11.99,11.99,medium,low,7,namesilo,,,17/09/2026 13:35
eb3f0df0-1374-4414-84a6-695eefb1e4b6,sandra.review,premium,382.61,55.11,high,low,6,porkbun,,,27/09/2026 22:38
e8f374f2-75de-4507-a677-282038bb4335,meagre.review,available,12.98,15.73,medium,low,6,namecheap,,,24/08/2026 18:04
fdfdbd55-3838-41af-8dad-d12d2598802a,boards.review,premium,640,77.35,high,low,6,namesilo,,,29/09/2026 03:05
5c9dbf02-0eac-44c7-91c8-d32158afbd77,maternity.review,premium,1092.18,109.69,high,low,9,porkbun,,,28/09/2026 19:52
2e7145df-dfa3-4968-aae0-272245312282,solace.review,premium,,,high,low,6,,,,01/10/2026 01:31
c32da698-ed2b-4a78-9f4d-aab46b572d11,cordova.review,premium,362.45,51.95,high,low,7,spaceship,,,29/09/2026 11:58
2a5dac4c-6a02-4d73-af4b-2a997a23166d,mist.review,premium,448,53.92,high,low,4,namesilo,,,25/09/2026 23:43
0c429b1c-5a2f-42d4-a1a7-0d20324c6790,nikola.review,premium,448,53.92,high,low,6,namesilo,,,29/09/2026 22:11
6c60228d-22a3-4b83-9fee-8ef2032c2803,bushwhack.review,available,12.98,15.73,medium,low,9,namecheap,,,18/09/2026 17:32
b9d4ddf8-4fa1-4e39-9bfe-5b03f99e2cab,alar.review,premium,437.5,62.5,medium,low,4,name.com,,,
4215d0ce-cba5-49bc-8f6d-72ae424ac997,heroine.review,premium,116,29.5,high,low,7,namesilo,,,29/09/2026 07:16
78e3ec93-ecab-4146-bb28-516733ec34e6,pigheaded.review,available,11.99,11.99,medium,low,9,namesilo,,,11/08/2026 08:32
ad6d281b-5597-4a0f-be38-073f71941001,porch.review,premium,362.45,51.95,high,low,5,spaceship,,,27/09/2026 15:20
1e3af816-b351-4b04-ba47-389c52374970,caliber.review,premium,1107,116,high,low,7,namesilo,,,24/09/2026 11:44
ee096192-310d-44bb-a5ca-9838914bbee3,inspect.review,premium,1107,116,high,low,7,namesilo,,,21/09/2026 03:08
322b740c-0b15-4aa7-b936-f02ec13038a5,furrowed.review,available,12.98,15.73,medium,low,8,namecheap,,,18/08/2026 18:55
533fd966-ecf5-4a65-a1d3-a4d629164408,bisayan.review,available,12.98,15.73,medium,low,7,namecheap,,,23/09/2026 21:29
e350bd95-47b4-454d-a382-4861fc5f7ad3,gipsy.review,premium,437.5,62.5,high,low,5,name.com,,,10/08/2026 17:23
c8eb31d0-7981-4201-8be6-eaa205abb252,hokkaido.review,premium,455,65,high,low,8,namecheap,,,28/09/2026 05:40
c3545e66-3537-4641-900e-8f823d1737fd,impossible.review,premium,640,77.35,high,medium,10,namesilo,,,25/09/2026 07:55
6eabd859-aaf1-4ef0-9fa4-f81dd3fed49b,fridays.review,premium,650,84.5,high,medium,7,namecheap,,,30/09/2026 22:27
685635af-ead4-4115-be91-0766d49dd039,rough.review,premium,1107,116,high,low,5,namesilo,,,06/08/2026 09:39
c28310d8-f7f3-4c9c-8c73-ee290bd28b72,summers.review,premium,1035.2,103.7,medium,low,7,spaceship,,,29/09/2026 05:53
473ee28a-6a0c-4de5-a491-f6c53c0ceda3,valve.review,premium,103.7,26.08,high,low,5,spaceship,,,28/09/2026 11:02
631e5bd6-a004-49de-ac86-19c99eba3f28,aalborg.review,premium,448,53.92,medium,low,7,namesilo,,,16/09/2026 13:10
bcda6ad6-d5ef-43a5-8ee9-2421d8407c6b,cordelia.review,available,12.98,15.73,high,low,8,namecheap,,,29/09/2026 22:19
04e8d169-f047-4895-90e9-61b3b170a2c1,hunch.review,premium,362.45,51.95,high,low,5,spaceship,,,30/09/2026 10:11
9f9c5688-cc8c-4746-ad7f-b0d8cce27119,inhumane.review,available,11.99,11.99,medium,low,8,namesilo,,,22/08/2026 05:17
06520ba4-9d51-4f15-8a35-942299eaa34e,investigative.review,premium,5175.2,103.7,high,low,13,spaceship,,,29/09/2026 08:53
a4a9486f-ef31-4e33-8fef-b15559e856b2,arterial.review,available,11.99,11.99,high,low,8,namesilo,,,06/08/2026 22:29
5a38ba48-43c2-4cff-bdf0-0be6812cbc75,negotiate.review,premium,362.45,51.95,high,low,9,spaceship,,,30/09/2026 20:35
de1a4ee1-6e36-408f-b7e3-52cebfc83b36,edgy.review,premium,3125,125,high,low,4,name.com,,,15/08/2026 08:39
ea1567a7-ec04-4b83-9b73-b38c68829848,alloy.review,premium,625,81.25,high,low,5,name.com,,,17/09/2026 09:02
81e3973b-397d-43a3-aa11-d718654b5905,camus.review,premium,448,53.92,high,low,5,namesilo,,,18/09/2026 02:38
0506e0a4-c54b-4623-a8d5-1db051681a1d,abatic.review,available,11.99,11.99,medium,low,6,namesilo,,,
aefb623d-2ecf-4039-b8a6-8afaf328b724,disgorge.review,available,11.99,11.99,high,medium,8,namesilo,,,10/09/2026 07:35
85e54f2e-caba-4ad4-be14-b4320f549b53,overhang.review,available,11.99,11.99,medium,low,8,namesilo,,,09/08/2026 08:28
8a1a9f5e-f3e1-487c-a1a0-753d8f3e213c,snuggery.review,available,11.99,11.99,high,medium,8,namesilo,,,10/09/2026 12:53
ac51b3ac-38af-473b-822c-b6f805ae8350,swamp.review,premium,448,53.92,high,low,5,namesilo,,,24/09/2026 21:44
0369399b-0c55-4a02-801e-92487dcbecab,carrick.review,available,10.18,10.18,medium,low,7,cloudflare,,,30/09/2026 20:19
28a68a11-6b02-44bd-b9de-b9644666bc68,promoter.review,premium,1300,130,high,low,8,namecheap,,,29/09/2026 23:36
622a5935-c256-4cdf-9d74-581c68d55b40,manifestly.review,available,12.98,15.73,medium,low,10,namecheap,,,08/09/2026 20:23
c33e2498-ad56-401f-857f-afc163865762,plated.review,premium,448,53.92,high,low,6,namesilo,,,17/09/2026 05:15